device_id,timestamp,temp_c,moisture,ph,raw_json
esp32-01,2025-10-20T20:00:00Z,23.5,54.2,6.7,"{""device_id"": ""esp32-01"", ""timestamp"": ""2025-10-20T20:00:00Z"", ""readings"": {""ph"": 6.7, ""temp_c"": 23.5, ""moisture"": 54.2}}"
esp32_dht11,4143,-1.0,6.7,,"{""device_id"": ""esp32_dht11"", ""timestamp"": ""4143"", ""readings"": {""temp_c"": -1.0, ""moisture"": 6.7, ""ph"": null}}"
esp32_dht11,9297,0.2,6.8,,"{""device_id"": ""esp32_dht11"", ""timestamp"": ""9297"", ""readings"": {""temp_c"": 0.2, ""moisture"": 6.8, ""ph"": null}}"
esp32_dht11,14409,0.2,6.8,,"{""device_id"": ""esp32_dht11"", ""timestamp"": ""14409"", ""readings"": {""temp_c"": 0.2, ""moisture"": 6.8, ""ph"": null}}"
esp32_dht11,19503,0.2,6.8,,"{""device_id"": ""esp32_dht11"", ""timestamp"": ""19503"", ""readings"": {""temp_c"": 0.2, ""moisture"": 6.8, ""ph"": null}}"
esp32_dht11,24619,0.2,6.8,,"{""device_id"": ""esp32_dht11"", ""timestamp"": ""24619"", ""readings"": {""temp_c"": 0.2, ""moisture"": 6.8, ""ph"": null}}"
esp32_dht11,29712,0.2,6.8,,"{""device_id"": ""esp32_dht11"", ""timestamp"": ""29712"", ""readings"": {""temp_c"": 0.2, ""moisture"": 6.8, ""ph"": null}}"
esp32_dht11,34846,0.2,6.8,,"{""device_id"": ""esp32_dht11"", ""timestamp"": ""34846"", ""readings"": {""temp_c"": 0.2, ""moisture"": 6.8, ""ph"": null}}"
esp32_dht11,39946,0.2,6.8,,"{""device_id"": ""esp32_dht11"", ""timestamp"": ""39946"", ""readings"": {""temp_c"": 0.2, ""moisture"": 6.8, ""ph"": null}}"
esp32_dht11,45294,0.2,6.9,,"{""device_id"": ""esp32_dht11"", ""timestamp"": ""45294"", ""readings"": {""temp_c"": 0.2, ""moisture"": 6.9, ""ph"": null}}"
esp32_dht11,50392,0.2,6.8,,"{""device_id"": ""esp32_dht11"", ""timestamp"": ""50392"", ""readings"": {""temp_c"": 0.2, ""moisture"": 6.8, ""ph"": null}}"
esp32_dht11,55639,0.2,6.8,,"{""device_id"": ""esp32_dht11"", ""timestamp"": ""55639"", ""readings"": {""temp_c"": 0.2, ""moisture"": 6.8, ""ph"": null}}"
esp32_dht11,60735,0.2,6.9,,"{""device_id"": ""esp32_dht11"", ""timestamp"": ""60735"", ""readings"": {""temp_c"": 0.2, ""moisture"": 6.9, ""ph"": null}}"
esp32_dht11,65849,0.2,6.9,,"{""device_id"": ""esp32_dht11"", ""timestamp"": ""65849"", ""readings"": {""temp_c"": 0.2, ""moisture"": 6.9, ""ph"": null}}"
esp32_dht11,70943,0.2,6.9,,"{""device_id"": ""esp32_dht11"", ""timestamp"": ""70943"", ""readings"": {""temp_c"": 0.2, ""moisture"": 6.9, ""ph"": null}}"
esp32_dht11,76222,0.2,6.9,,"{""device_id"": ""esp32_dht11"", ""timestamp"": ""76222"", ""readings"": {""temp_c"": 0.2, ""moisture"": 6.9, ""ph"": null}}"
esp32_dht11,81317,0.2,6.9,,"{""device_id"": ""esp32_dht11"", ""timestamp"": ""81317"", ""readings"": {""temp_c"": 0.2, ""moisture"": 6.9, ""ph"": null}}"
esp32_dht11,86413,0.2,6.9,,"{""device_id"": ""esp32_dht11"", ""timestamp"": ""86413"", ""readings"": {""temp_c"": 0.2, ""moisture"": 6.9, ""ph"": null}}"
esp32_dht11,91594,0.2,7.0,,"{""device_id"": ""esp32_dht11"", ""timestamp"": ""91594"", ""readings"": {""temp_c"": 0.2, ""moisture"": 7.0, ""ph"": null}}"
esp32_dht11,96900,0.2,6.9,,"{""device_id"": ""esp32_dht11"", ""timestamp"": ""96900"", ""readings"": {""temp_c"": 0.2, ""moisture"": 6.9, ""ph"": null}}"
esp32_dht11,102001,0.2,7.0,,"{""device_id"": ""esp32_dht11"", ""timestamp"": ""102001"", ""readings"": {""temp_c"": 0.2, ""moisture"": 7.0, ""ph"": null}}"
esp32_dht11,107096,0.2,7.0,,"{""device_id"": ""esp32_dht11"", ""timestamp"": ""107096"", ""readings"": {""temp_c"": 0.2, ""moisture"": 7.0, ""ph"": null}}"
esp32_dht11,112463,0.2,7.0,,"{""device_id"": ""esp32_dht11"", ""timestamp"": ""112463"", ""readings"": {""temp_c"": 0.2, ""moisture"": 7.0, ""ph"": null}}"
esp32_dht11,117557,0.3,7.0,,"{""device_id"": ""esp32_dht11"", ""timestamp"": ""117557"", ""readings"": {""temp_c"": 0.3, ""moisture"": 7.0, ""ph"": null}}"
esp32_dht11,122812,0.3,7.0,,"{""device_id"": ""esp32_dht11"", ""timestamp"": ""122812"", ""readings"": {""temp_c"": 0.3, ""moisture"": 7.0, ""ph"": null}}"
esp32_dht11,128142,0.2,7.0,,"{""device_id"": ""esp32_dht11"", ""timestamp"": ""128142"", ""readings"": {""temp_c"": 0.2, ""moisture"": 7.0, ""ph"": null}}"
esp32_dht11,133244,0.2,6.9,,"{""device_id"": ""esp32_dht11"", ""timestamp"": ""133244"", ""readings"": {""temp_c"": 0.2, ""moisture"": 6.9, ""ph"": null}}"
esp32_dht11,138477,0.2,7.0,,"{""device_id"": ""esp32_dht11"", ""timestamp"": ""138477"", ""readings"": {""temp_c"": 0.2, ""moisture"": 7.0, ""ph"": null}}"
esp32_dht11,143598,0.2,6.9,,"{""device_id"": ""esp32_dht11"", ""timestamp"": ""143598"", ""readings"": {""temp_c"": 0.2, ""moisture"": 6.9, ""ph"": null}}"
esp32_dht11,148692,0.2,6.9,,"{""device_id"": ""esp32_dht11"", ""timestamp"": ""148692"", ""readings"": {""temp_c"": 0.2, ""moisture"": 6.9, ""ph"": null}}"
esp32_dht11,3127,0.2,6.9,,"{""device_id"": ""esp32_dht11"", ""timestamp"": ""3127"", ""readings"": {""temp_c"": 0.2, ""moisture"": 6.9, ""ph"": null}}"
esp32_dht11,2128,0.3,7.2,,"{""device_id"": ""esp32_dht11"", ""timestamp"": ""2128"", ""readings"": {""temp_c"": 0.3, ""moisture"": 7.2, ""ph"": null}}"
esp32_dht11,7250,0.3,7.5,,"{""device_id"": ""esp32_dht11"", ""timestamp"": ""7250"", ""readings"": {""temp_c"": 0.3, ""moisture"": 7.5, ""ph"": null}}"
esp32_dht11,2129,0.3,7.6,,"{""device_id"": ""esp32_dht11"", ""timestamp"": ""2129"", ""readings"": {""temp_c"": 0.3, ""moisture"": 7.6, ""ph"": null}}"
esp32_dht11,7203,0.4,7.6,,"{""device_id"": ""esp32_dht11"", ""timestamp"": ""7203"", ""readings"": {""temp_c"": 0.4, ""moisture"": 7.6, ""ph"": null}}"
esp32_dht11,12517,0.4,7.8,,"{""device_id"": ""esp32_dht11"", ""timestamp"": ""12517"", ""readings"": {""temp_c"": 0.4, ""moisture"": 7.8, ""ph"": null}}"
esp32_dht11,17642,0.4,7.5,,"{""device_id"": ""esp32_dht11"", ""timestamp"": ""17642"", ""readings"": {""temp_c"": 0.4, ""moisture"": 7.5, ""ph"": null}}"
esp32_dht11,22744,0.4,7.4,,"{""device_id"": ""esp32_dht11"", ""timestamp"": ""22744"", ""readings"": {""temp_c"": 0.4, ""moisture"": 7.4, ""ph"": null}}"
esp32_dht11,27848,0.4,7.2,,"{""device_id"": ""esp32_dht11"", ""timestamp"": ""27848"", ""readings"": {""temp_c"": 0.4, ""moisture"": 7.2, ""ph"": null}}"
esp32_dht11,32943,0.5,7.1,,"{""device_id"": ""esp32_dht11"", ""timestamp"": ""32943"", ""readings"": {""temp_c"": 0.5, ""moisture"": 7.1, ""ph"": null}}"
esp32_dht11,38040,0.5,6.9,,"{""device_id"": ""esp32_dht11"", ""timestamp"": ""38040"", ""readings"": {""temp_c"": 0.5, ""moisture"": 6.9, ""ph"": null}}"
esp32_dht11,43343,0.5,6.8,,"{""device_id"": ""esp32_dht11"", ""timestamp"": ""43343"", ""readings"": {""temp_c"": 0.5, ""moisture"": 6.8, ""ph"": null}}"
esp32_dht11,48465,0.5,6.8,,"{""device_id"": ""esp32_dht11"", ""timestamp"": ""48465"", ""readings"": {""temp_c"": 0.5, ""moisture"": 6.8, ""ph"": null}}"
esp32_dht11,53788,0.5,6.7,,"{""device_id"": ""esp32_dht11"", ""timestamp"": ""53788"", ""readings"": {""temp_c"": 0.5, ""moisture"": 6.7, ""ph"": null}}"
esp32_dht11,59131,0.5,6.6,,"{""device_id"": ""esp32_dht11"", ""timestamp"": ""59131"", ""readings"": {""temp_c"": 0.5, ""moisture"": 6.6, ""ph"": null}}"
esp32_dht11,64225,0.5,6.6,,"{""device_id"": ""esp32_dht11"", ""timestamp"": ""64225"", ""readings"": {""temp_c"": 0.5, ""moisture"": 6.6, ""ph"": null}}"
esp32_dht11,69347,0.5,6.6,,"{""device_id"": ""esp32_dht11"", ""timestamp"": ""69347"", ""readings"": {""temp_c"": 0.5, ""moisture"": 6.6, ""ph"": null}}"
esp32_dht11,74464,0.5,6.6,,"{""device_id"": ""esp32_dht11"", ""timestamp"": ""74464"", ""readings"": {""temp_c"": 0.5, ""moisture"": 6.6, ""ph"": null}}"
esp32_dht11,79564,0.5,6.6,,"{""device_id"": ""esp32_dht11"", ""timestamp"": ""79564"", ""readings"": {""temp_c"": 0.5, ""moisture"": 6.6, ""ph"": null}}"
esp32_dht11,84664,0.5,6.6,,"{""device_id"": ""esp32_dht11"", ""timestamp"": ""84664"", ""readings"": {""temp_c"": 0.5, ""moisture"": 6.6, ""ph"": null}}"
esp32_dht11,89763,0.4,6.5,,"{""device_id"": ""esp32_dht11"", ""timestamp"": ""89763"", ""readings"": {""temp_c"": 0.4, ""moisture"": 6.5, ""ph"": null}}"
esp32_dht11,94959,0.5,6.6,,"{""device_id"": ""esp32_dht11"", ""timestamp"": ""94959"", ""readings"": {""temp_c"": 0.5, ""moisture"": 6.6, ""ph"": null}}"
esp32_dht11,100061,0.5,6.5,,"{""device_id"": ""esp32_dht11"", ""timestamp"": ""100061"", ""readings"": {""temp_c"": 0.5, ""moisture"": 6.5, ""ph"": null}}"
esp32_dht11,105158,0.4,6.5,,"{""device_id"": ""esp32_dht11"", ""timestamp"": ""105158"", ""readings"": {""temp_c"": 0.4, ""moisture"": 6.5, ""ph"": null}}"
esp32_dht11,110419,0.4,6.5,,"{""device_id"": ""esp32_dht11"", ""timestamp"": ""110419"", ""readings"": {""temp_c"": 0.4, ""moisture"": 6.5, ""ph"": null}}"
esp32_dht11,115525,0.4,6.5,,"{""device_id"": ""esp32_dht11"", ""timestamp"": ""115525"", ""readings"": {""temp_c"": 0.4, ""moisture"": 6.5, ""ph"": null}}"
esp32_dht11,120667,0.4,6.5,,"{""device_id"": ""esp32_dht11"", ""timestamp"": ""120667"", ""readings"": {""temp_c"": 0.4, ""moisture"": 6.5, ""ph"": null}}"
esp32_dht11,125985,0.4,6.5,,"{""device_id"": ""esp32_dht11"", ""timestamp"": ""125985"", ""readings"": {""temp_c"": 0.4, ""moisture"": 6.5, ""ph"": null}}"
esp32_dht11,131310,0.4,6.5,,"{""device_id"": ""esp32_dht11"", ""timestamp"": ""131310"", ""readings"": {""temp_c"": 0.4, ""moisture"": 6.5, ""ph"": null}}"
esp32_dht11,136416,0.4,6.5,,"{""device_id"": ""esp32_dht11"", ""timestamp"": ""136416"", ""readings"": {""temp_c"": 0.4, ""moisture"": 6.5, ""ph"": null}}"
esp32_dht11,141518,0.4,6.6,,"{""device_id"": ""esp32_dht11"", ""timestamp"": ""141518"", ""readings"": {""temp_c"": 0.4, ""moisture"": 6.6, ""ph"": null}}"
esp32_dht11,146612,0.4,6.6,,"{""device_id"": ""esp32_dht11"", ""timestamp"": ""146612"", ""readings"": {""temp_c"": 0.4, ""moisture"": 6.6, ""ph"": null}}"
esp32_dht11,151711,0.4,6.6,,"{""device_id"": ""esp32_dht11"", ""timestamp"": ""151711"", ""readings"": {""temp_c"": 0.4, ""moisture"": 6.6, ""ph"": null}}"
esp32_dht11,156816,-0.9,13.8,,"{""device_id"": ""esp32_dht11"", ""timestamp"": ""156816"", ""readings"": {""temp_c"": -0.9, ""moisture"": 13.8, ""ph"": null}}"
esp32_dht11,161959,1.9,7.6,,"{""device_id"": ""esp32_dht11"", ""timestamp"": ""161959"", ""readings"": {""temp_c"": 1.9, ""moisture"": 7.6, ""ph"": null}}"
esp32_dht11,167082,1.4,22.4,,"{""device_id"": ""esp32_dht11"", ""timestamp"": ""167082"", ""readings"": {""temp_c"": 1.4, ""moisture"": 22.4, ""ph"": null}}"
esp32_dht11,172278,2.3,7.5,,"{""device_id"": ""esp32_dht11"", ""timestamp"": ""172278"", ""readings"": {""temp_c"": 2.3, ""moisture"": 7.5, ""ph"": null}}"
esp32_dht11,177587,1.2,14.2,,"{""device_id"": ""esp32_dht11"", ""timestamp"": ""177587"", ""readings"": {""temp_c"": 1.2, ""moisture"": 14.2, ""ph"": null}}"
esp32_dht11,182917,2.1,19.8,,"{""device_id"": ""esp32_dht11"", ""timestamp"": ""182917"", ""readings"": {""temp_c"": 2.1, ""moisture"": 19.8, ""ph"": null}}"
esp32_dht11,188035,1.5,25.0,,"{""device_id"": ""esp32_dht11"", ""timestamp"": ""188035"", ""readings"": {""temp_c"": 1.5, ""moisture"": 25.0, ""ph"": null}}"
esp32_dht11,193151,1.8,26.1,,"{""device_id"": ""esp32_dht11"", ""timestamp"": ""193151"", ""readings"": {""temp_c"": 1.8, ""moisture"": 26.1, ""ph"": null}}"
esp32_dht11,198266,1.7,26.1,,"{""device_id"": ""esp32_dht11"", ""timestamp"": ""198266"", ""readings"": {""temp_c"": 1.7, ""moisture"": 26.1, ""ph"": null}}"
esp32_dht11,203385,2.2,26.1,,"{""device_id"": ""esp32_dht11"", ""timestamp"": ""203385"", ""readings"": {""temp_c"": 2.2, ""moisture"": 26.1, ""ph"": null}}"
esp32_dht11,208505,1.1,26.1,,"{""device_id"": ""esp32_dht11"", ""timestamp"": ""208505"", ""readings"": {""temp_c"": 1.1, ""moisture"": 26.1, ""ph"": null}}"
esp32_dht11,213846,1.4,26.1,,"{""device_id"": ""esp32_dht11"", ""timestamp"": ""213846"", ""readings"": {""temp_c"": 1.4, ""moisture"": 26.1, ""ph"": null}}"
esp32_dht11,219173,1.3,26.1,,"{""device_id"": ""esp32_dht11"", ""timestamp"": ""219173"", ""readings"": {""temp_c"": 1.3, ""moisture"": 26.1, ""ph"": null}}"
esp32_dht11,224313,1.5,26.1,,"{""device_id"": ""esp32_dht11"", ""timestamp"": ""224313"", ""readings"": {""temp_c"": 1.5, ""moisture"": 26.1, ""ph"": null}}"
esp32_dht11,229426,1.6,26.1,,"{""device_id"": ""esp32_dht11"", ""timestamp"": ""229426"", ""readings"": {""temp_c"": 1.6, ""moisture"": 26.1, ""ph"": null}}"
esp32_dht11,234732,1.6,26.1,,"{""device_id"": ""esp32_dht11"", ""timestamp"": ""234732"", ""readings"": {""temp_c"": 1.6, ""moisture"": 26.1, ""ph"": null}}"
esp32_dht11,239860,1.2,26.1,,"{""device_id"": ""esp32_dht11"", ""timestamp"": ""239860"", ""readings"": {""temp_c"": 1.2, ""moisture"": 26.1, ""ph"": null}}"
esp32_dht11,244965,1.2,26.1,,"{""device_id"": ""esp32_dht11"", ""timestamp"": ""244965"", ""readings"": {""temp_c"": 1.2, ""moisture"": 26.1, ""ph"": null}}"
esp32_dht11,250105,1.0,26.1,,"{""device_id"": ""esp32_dht11"", ""timestamp"": ""250105"", ""readings"": {""temp_c"": 1.0, ""moisture"": 26.1, ""ph"": null}}"
esp32_dht11,255423,1.2,26.1,,"{""device_id"": ""esp32_dht11"", ""timestamp"": ""255423"", ""readings"": {""temp_c"": 1.2, ""moisture"": 26.1, ""ph"": null}}"
esp32_dht11,260563,1.4,26.1,,"{""device_id"": ""esp32_dht11"", ""timestamp"": ""260563"", ""readings"": {""temp_c"": 1.4, ""moisture"": 26.1, ""ph"": null}}"
esp32_dht11,265708,1.4,26.1,,"{""device_id"": ""esp32_dht11"", ""timestamp"": ""265708"", ""readings"": {""temp_c"": 1.4, ""moisture"": 26.1, ""ph"": null}}"
esp32_dht11,270979,1.6,26.1,,"{""device_id"": ""esp32_dht11"", ""timestamp"": ""270979"", ""readings"": {""temp_c"": 1.6, ""moisture"": 26.1, ""ph"": null}}"
esp32_dht11,276091,1.1,26.1,,"{""device_id"": ""esp32_dht11"", ""timestamp"": ""276091"", ""readings"": {""temp_c"": 1.1, ""moisture"": 26.1, ""ph"": null}}"
esp32_dht11,281204,2.5,25.2,,"{""device_id"": ""esp32_dht11"", ""timestamp"": ""281204"", ""readings"": {""temp_c"": 2.5, ""moisture"": 25.2, ""ph"": null}}"
esp32_dht11,286316,2.1,22.7,,"{""device_id"": ""esp32_dht11"", ""timestamp"": ""286316"", ""readings"": {""temp_c"": 2.1, ""moisture"": 22.7, ""ph"": null}}"
esp32_dht11,291423,1.8,21.0,,"{""device_id"": ""esp32_dht11"", ""timestamp"": ""291423"", ""readings"": {""temp_c"": 1.8, ""moisture"": 21.0, ""ph"": null}}"
esp32_dht11,296681,1.6,20.1,,"{""device_id"": ""esp32_dht11"", ""timestamp"": ""296681"", ""readings"": {""temp_c"": 1.6, ""moisture"": 20.1, ""ph"": null}}"
esp32_dht11,301793,1.3,19.4,,"{""device_id"": ""esp32_dht11"", ""timestamp"": ""301793"", ""readings"": {""temp_c"": 1.3, ""moisture"": 19.4, ""ph"": null}}"
esp32_dht11,306926,1.0,18.9,,"{""device_id"": ""esp32_dht11"", ""timestamp"": ""306926"", ""readings"": {""temp_c"": 1.0, ""moisture"": 18.9, ""ph"": null}}"
esp32_dht11,312032,2.3,18.4,,"{""device_id"": ""esp32_dht11"", ""timestamp"": ""312032"", ""readings"": {""temp_c"": 2.3, ""moisture"": 18.4, ""ph"": null}}"
esp32_dht11,317149,2.1,18.1,,"{""device_id"": ""esp32_dht11"", ""timestamp"": ""317149"", ""readings"": {""temp_c"": 2.1, ""moisture"": 18.1, ""ph"": null}}"
esp32_dht11,322281,1.8,17.8,,"{""device_id"": ""esp32_dht11"", ""timestamp"": ""322281"", ""readings"": {""temp_c"": 1.8, ""moisture"": 17.8, ""ph"": null}}"
esp32_dht11,327394,1.6,17.6,,"{""device_id"": ""esp32_dht11"", ""timestamp"": ""327394"", ""readings"": {""temp_c"": 1.6, ""moisture"": 17.6, ""ph"": null}}"
esp32_dht11,332503,1.4,17.6,,"{""device_id"": ""esp32_dht11"", ""timestamp"": ""332503"", ""readings"": {""temp_c"": 1.4, ""moisture"": 17.6, ""ph"": null}}"
esp32_dht11,337612,1.2,17.4,,"{""device_id"": ""esp32_dht11"", ""timestamp"": ""337612"", ""readings"": {""temp_c"": 1.2, ""moisture"": 17.4, ""ph"": null}}"
esp32_dht11,342735,2.5,16.6,,"{""device_id"": ""esp32_dht11"", ""timestamp"": ""342735"", ""readings"": {""temp_c"": 2.5, ""moisture"": 16.6, ""ph"": null}}"
esp32_dht11,347858,2.4,15.5,,"{""device_id"": ""esp32_dht11"", ""timestamp"": ""347858"", ""readings"": {""temp_c"": 2.4, ""moisture"": 15.5, ""ph"": null}}"
esp32_dht11,353009,2.2,14.4,,"{""device_id"": ""esp32_dht11"", ""timestamp"": ""353009"", ""readings"": {""temp_c"": 2.2, ""moisture"": 14.4, ""ph"": null}}"
esp32_dht11,358129,2.0,13.3,,"{""device_id"": ""esp32_dht11"", ""timestamp"": ""358129"", ""readings"": {""temp_c"": 2.0, ""moisture"": 13.3, ""ph"": null}}"
esp32_dht11,363244,1.8,11.6,,"{""device_id"": ""esp32_dht11"", ""timestamp"": ""363244"", ""readings"": {""temp_c"": 1.8, ""moisture"": 11.6, ""ph"": null}}"
esp32_dht11,368360,1.6,8.8,,"{""device_id"": ""esp32_dht11"", ""timestamp"": ""368360"", ""readings"": {""temp_c"": 1.6, ""moisture"": 8.8, ""ph"": null}}"
esp32_dht11,373455,1.5,5.4,,"{""device_id"": ""esp32_dht11"", ""timestamp"": ""373455"", ""readings"": {""temp_c"": 1.5, ""moisture"": 5.4, ""ph"": null}}"
esp32_dht11,378560,1.4,26.9,,"{""device_id"": ""esp32_dht11"", ""timestamp"": ""378560"", ""readings"": {""temp_c"": 1.4, ""moisture"": 26.9, ""ph"": null}}"
esp32_dht11,383727,1.2,24.4,,"{""device_id"": ""esp32_dht11"", ""timestamp"": ""383727"", ""readings"": {""temp_c"": 1.2, ""moisture"": 24.4, ""ph"": null}}"
esp32_dht11,388842,1.1,22.4,,"{""device_id"": ""esp32_dht11"", ""timestamp"": ""388842"", ""readings"": {""temp_c"": 1.1, ""moisture"": 22.4, ""ph"": null}}"
esp32_dht11,393972,2.5,20.8,,"{""device_id"": ""esp32_dht11"", ""timestamp"": ""393972"", ""readings"": {""temp_c"": 2.5, ""moisture"": 20.8, ""ph"": null}}"
esp32_dht11,399080,2.4,19.5,,"{""device_id"": ""esp32_dht11"", ""timestamp"": ""399080"", ""readings"": {""temp_c"": 2.4, ""moisture"": 19.5, ""ph"": null}}"
esp32_dht11,404218,2.3,18.5,,"{""device_id"": ""esp32_dht11"", ""timestamp"": ""404218"", ""readings"": {""temp_c"": 2.3, ""moisture"": 18.5, ""ph"": null}}"
esp32_dht11,409539,2.2,17.7,,"{""device_id"": ""esp32_dht11"", ""timestamp"": ""409539"", ""readings"": {""temp_c"": 2.2, ""moisture"": 17.7, ""ph"": null}}"
esp32_dht11,414859,2.0,17.0,,"{""device_id"": ""esp32_dht11"", ""timestamp"": ""414859"", ""readings"": {""temp_c"": 2.0, ""moisture"": 17.0, ""ph"": null}}"
esp32_dht11,82422,-0.5,12.8,,"{""device_id"": ""esp32_dht11"", ""timestamp"": ""82422"", ""readings"": {""temp_c"": -0.5, ""moisture"": 12.8, ""ph"": null}}"
esp32_dht11,87540,-0.5,12.9,,"{""device_id"": ""esp32_dht11"", ""timestamp"": ""87540"", ""readings"": {""temp_c"": -0.5, ""moisture"": 12.9, ""ph"": null}}"
esp32_dht11,92654,-0.5,12.9,,"{""device_id"": ""esp32_dht11"", ""timestamp"": ""92654"", ""readings"": {""temp_c"": -0.5, ""moisture"": 12.9, ""ph"": null}}"
esp32_dht11,97756,-0.5,13.0,,"{""device_id"": ""esp32_dht11"", ""timestamp"": ""97756"", ""readings"": {""temp_c"": -0.5, ""moisture"": 13.0, ""ph"": null}}"
esp32_dht11,103088,-0.5,13.0,,"{""device_id"": ""esp32_dht11"", ""timestamp"": ""103088"", ""readings"": {""temp_c"": -0.5, ""moisture"": 13.0, ""ph"": null}}"
esp32_dht11,108404,-0.5,13.0,,"{""device_id"": ""esp32_dht11"", ""timestamp"": ""108404"", ""readings"": {""temp_c"": -0.5, ""moisture"": 13.0, ""ph"": null}}"
esp32_dht11,113510,-0.6,13.1,,"{""device_id"": ""esp32_dht11"", ""timestamp"": ""113510"", ""readings"": {""temp_c"": -0.6, ""moisture"": 13.1, ""ph"": null}}"
esp32_dht11,118642,-0.6,13.0,,"{""device_id"": ""esp32_dht11"", ""timestamp"": ""118642"", ""readings"": {""temp_c"": -0.6, ""moisture"": 13.0, ""ph"": null}}"
esp32_dht11,123976,-0.6,13.0,,"{""device_id"": ""esp32_dht11"", ""timestamp"": ""123976"", ""readings"": {""temp_c"": -0.6, ""moisture"": 13.0, ""ph"": null}}"
esp32_dht11,129307,-0.6,13.1,,"{""device_id"": ""esp32_dht11"", ""timestamp"": ""129307"", ""readings"": {""temp_c"": -0.6, ""moisture"": 13.1, ""ph"": null}}"
esp32_dht11,134411,-0.6,13.2,,"{""device_id"": ""esp32_dht11"", ""timestamp"": ""134411"", ""readings"": {""temp_c"": -0.6, ""moisture"": 13.2, ""ph"": null}}"
esp32_dht11,139521,-0.6,13.3,,"{""device_id"": ""esp32_dht11"", ""timestamp"": ""139521"", ""readings"": {""temp_c"": -0.6, ""moisture"": 13.3, ""ph"": null}}"
esp32_dht11,144664,-0.6,13.3,,"{""device_id"": ""esp32_dht11"", ""timestamp"": ""144664"", ""readings"": {""temp_c"": -0.6, ""moisture"": 13.3, ""ph"": null}}"
esp32_dht11,149770,-0.7,13.3,,"{""device_id"": ""esp32_dht11"", ""timestamp"": ""149770"", ""readings"": {""temp_c"": -0.7, ""moisture"": 13.3, ""ph"": null}}"
esp32_dht11,154887,-0.7,13.3,,"{""device_id"": ""esp32_dht11"", ""timestamp"": ""154887"", ""readings"": {""temp_c"": -0.7, ""moisture"": 13.3, ""ph"": null}}"
esp32_dht11,160019,-0.7,13.3,,"{""device_id"": ""esp32_dht11"", ""timestamp"": ""160019"", ""readings"": {""temp_c"": -0.7, ""moisture"": 13.3, ""ph"": null}}"
esp32_dht11,165337,-0.7,13.2,,"{""device_id"": ""esp32_dht11"", ""timestamp"": ""165337"", ""readings"": {""temp_c"": -0.7, ""moisture"": 13.2, ""ph"": null}}"
esp32_dht11,170669,-0.7,13.3,,"{""device_id"": ""esp32_dht11"", ""timestamp"": ""170669"", ""readings"": {""temp_c"": -0.7, ""moisture"": 13.3, ""ph"": null}}"
esp32_dht11,175991,-0.7,13.2,,"{""device_id"": ""esp32_dht11"", ""timestamp"": ""175991"", ""readings"": {""temp_c"": -0.7, ""moisture"": 13.2, ""ph"": null}}"
esp32_dht11,181325,-0.7,13.2,,"{""device_id"": ""esp32_dht11"", ""timestamp"": ""181325"", ""readings"": {""temp_c"": -0.7, ""moisture"": 13.2, ""ph"": null}}"
esp32_dht11,186535,-0.7,13.2,,"{""device_id"": ""esp32_dht11"", ""timestamp"": ""186535"", ""readings"": {""temp_c"": -0.7, ""moisture"": 13.2, ""ph"": null}}"
esp32_dht11,191869,-0.7,13.4,,"{""device_id"": ""esp32_dht11"", ""timestamp"": ""191869"", ""readings"": {""temp_c"": -0.7, ""moisture"": 13.4, ""ph"": null}}"
esp32_dht11,3230,-0.9,13.3,,"{""device_id"": ""esp32_dht11"", ""timestamp"": ""3230"", ""readings"": {""temp_c"": -0.9, ""moisture"": 13.3, ""ph"": null, ""tds_ppm"": 0.0}}"
esp32_dht11,8463,-0.9,13.4,,"{""device_id"": ""esp32_dht11"", ""timestamp"": ""8463"", ""readings"": {""temp_c"": -0.9, ""moisture"": 13.4, ""ph"": null, ""tds_ppm"": 0.0}}"
esp32_dht11,13790,-0.9,13.4,,"{""device_id"": ""esp32_dht11"", ""timestamp"": ""13790"", ""readings"": {""temp_c"": -0.9, ""moisture"": 13.4, ""ph"": null, ""tds_ppm"": 0.0}}"
esp32_dht11,18995,-0.9,13.4,,"{""device_id"": ""esp32_dht11"", ""timestamp"": ""18995"", ""readings"": {""temp_c"": -0.9, ""moisture"": 13.4, ""ph"": null, ""tds_ppm"": 0.0}}"
esp32_dht11,24208,-0.9,13.4,,"{""device_id"": ""esp32_dht11"", ""timestamp"": ""24208"", ""readings"": {""temp_c"": -0.9, ""moisture"": 13.4, ""ph"": null, ""tds_ppm"": 0.0}}"
esp32_dht11,29446,-1.0,13.4,,"{""device_id"": ""esp32_dht11"", ""timestamp"": ""29446"", ""readings"": {""temp_c"": -1.0, ""moisture"": 13.4, ""ph"": null, ""tds_ppm"": 0.0}}"
esp32_dht11,34659,-1.0,13.4,,"{""device_id"": ""esp32_dht11"", ""timestamp"": ""34659"", ""readings"": {""temp_c"": -1.0, ""moisture"": 13.4, ""ph"": null, ""tds_ppm"": 0.0}}"
esp32_dht11,39867,-1.0,13.4,,"{""device_id"": ""esp32_dht11"", ""timestamp"": ""39867"", ""readings"": {""temp_c"": -1.0, ""moisture"": 13.4, ""ph"": null, ""tds_ppm"": 0.0}}"
esp32_dht11,45078,-1.0,13.4,,"{""device_id"": ""esp32_dht11"", ""timestamp"": ""45078"", ""readings"": {""temp_c"": -1.0, ""moisture"": 13.4, ""ph"": null, ""tds_ppm"": 0.0}}"
esp32_dht11,50451,-1.0,13.3,,"{""device_id"": ""esp32_dht11"", ""timestamp"": ""50451"", ""readings"": {""temp_c"": -1.0, ""moisture"": 13.3, ""ph"": null, ""tds_ppm"": 0.0}}"
esp32_dht11,55656,-1.0,13.3,,"{""device_id"": ""esp32_dht11"", ""timestamp"": ""55656"", ""readings"": {""temp_c"": -1.0, ""moisture"": 13.3, ""ph"": null, ""tds_ppm"": 0.0}}"
esp32_dht11,60868,-1.0,13.3,,"{""device_id"": ""esp32_dht11"", ""timestamp"": ""60868"", ""readings"": {""temp_c"": -1.0, ""moisture"": 13.3, ""ph"": null, ""tds_ppm"": 0.0}}"
esp32_dht11,66225,-1.0,13.4,,"{""device_id"": ""esp32_dht11"", ""timestamp"": ""66225"", ""readings"": {""temp_c"": -1.0, ""moisture"": 13.4, ""ph"": null, ""tds_ppm"": 0.0}}"
esp32_dht11,71548,-1.0,13.4,,"{""device_id"": ""esp32_dht11"", ""timestamp"": ""71548"", ""readings"": {""temp_c"": -1.0, ""moisture"": 13.4, ""ph"": null, ""tds_ppm"": 0.0}}"
esp32_dht11,76879,-1.0,13.4,,"{""device_id"": ""esp32_dht11"", ""timestamp"": ""76879"", ""readings"": {""temp_c"": -1.0, ""moisture"": 13.4, ""ph"": null, ""tds_ppm"": 0.0}}"
esp32_dht11,82088,-1.0,13.4,,"{""device_id"": ""esp32_dht11"", ""timestamp"": ""82088"", ""readings"": {""temp_c"": -1.0, ""moisture"": 13.4, ""ph"": null, ""tds_ppm"": 0.0}}"
esp32_dht11,87297,-1.0,13.4,,"{""device_id"": ""esp32_dht11"", ""timestamp"": ""87297"", ""readings"": {""temp_c"": -1.0, ""moisture"": 13.4, ""ph"": null, ""tds_ppm"": 0.0}}"
esp32_dht11,92520,-1.0,13.4,,"{""device_id"": ""esp32_dht11"", ""timestamp"": ""92520"", ""readings"": {""temp_c"": -1.0, ""moisture"": 13.4, ""ph"": null, ""tds_ppm"": 0.0}}"
esp32_dht11,97757,-1.0,13.4,,"{""device_id"": ""esp32_dht11"", ""timestamp"": ""97757"", ""readings"": {""temp_c"": -1.0, ""moisture"": 13.4, ""ph"": null, ""tds_ppm"": 0.0}}"
esp32_dht11,103086,-1.0,13.3,,"{""device_id"": ""esp32_dht11"", ""timestamp"": ""103086"", ""readings"": {""temp_c"": -1.0, ""moisture"": 13.3, ""ph"": null, ""tds_ppm"": 0.0}}"
esp32_dht11,108297,-1.0,13.3,,"{""device_id"": ""esp32_dht11"", ""timestamp"": ""108297"", ""readings"": {""temp_c"": -1.0, ""moisture"": 13.3, ""ph"": null, ""tds_ppm"": 0.0}}"
esp32_dht11,113506,-1.0,13.4,,"{""device_id"": ""esp32_dht11"", ""timestamp"": ""113506"", ""readings"": {""temp_c"": -1.0, ""moisture"": 13.4, ""ph"": null, ""tds_ppm"": 0.0}}"
esp32_dht11,118712,-1.0,13.3,,"{""device_id"": ""esp32_dht11"", ""timestamp"": ""118712"", ""readings"": {""temp_c"": -1.0, ""moisture"": 13.3, ""ph"": null, ""tds_ppm"": 0.0}}"
esp32_dht11,123918,-1.0,13.4,,"{""device_id"": ""esp32_dht11"", ""timestamp"": ""123918"", ""readings"": {""temp_c"": -1.0, ""moisture"": 13.4, ""ph"": null, ""tds_ppm"": 0.0}}"
esp32_dht11,129128,-1.0,13.4,,"{""device_id"": ""esp32_dht11"", ""timestamp"": ""129128"", ""readings"": {""temp_c"": -1.0, ""moisture"": 13.4, ""ph"": null, ""tds_ppm"": 0.0}}"
esp32_dht11,134339,0.5,13.4,,"{""device_id"": ""esp32_dht11"", ""timestamp"": ""134339"", ""readings"": {""temp_c"": 0.5, ""moisture"": 13.4, ""ph"": null, ""tds_ppm"": 0.0}}"
esp32_dht11,139641,0.5,13.4,,"{""device_id"": ""esp32_dht11"", ""timestamp"": ""139641"", ""readings"": {""temp_c"": 0.5, ""moisture"": 13.4, ""ph"": null, ""tds_ppm"": 0.0}}"
esp32_dht11,144972,0.5,13.4,,"{""device_id"": ""esp32_dht11"", ""timestamp"": ""144972"", ""readings"": {""temp_c"": 0.5, ""moisture"": 13.4, ""ph"": null, ""tds_ppm"": 0.0}}"
esp32_dht11,150300,0.5,13.3,,"{""device_id"": ""esp32_dht11"", ""timestamp"": ""150300"", ""readings"": {""temp_c"": 0.5, ""moisture"": 13.3, ""ph"": null, ""tds_ppm"": 0.0}}"
esp32_dht11,155508,0.5,13.4,,"{""device_id"": ""esp32_dht11"", ""timestamp"": ""155508"", ""readings"": {""temp_c"": 0.5, ""moisture"": 13.4, ""ph"": null, ""tds_ppm"": 0.0}}"
esp32_dht11,160724,0.5,13.5,,"{""device_id"": ""esp32_dht11"", ""timestamp"": ""160724"", ""readings"": {""temp_c"": 0.5, ""moisture"": 13.5, ""ph"": null, ""tds_ppm"": 0.0}}"
esp32_dht11,165940,0.5,13.5,,"{""device_id"": ""esp32_dht11"", ""timestamp"": ""165940"", ""readings"": {""temp_c"": 0.5, ""moisture"": 13.5, ""ph"": null, ""tds_ppm"": 0.0}}"
esp32_dht11,171202,0.5,13.5,,"{""device_id"": ""esp32_dht11"", ""timestamp"": ""171202"", ""readings"": {""temp_c"": 0.5, ""moisture"": 13.5, ""ph"": null, ""tds_ppm"": 0.0}}"
esp32_dht11,176405,0.5,13.6,,"{""device_id"": ""esp32_dht11"", ""timestamp"": ""176405"", ""readings"": {""temp_c"": 0.5, ""moisture"": 13.6, ""ph"": null, ""tds_ppm"": 0.0}}"
esp32_dht11,181842,0.5,13.6,,"{""device_id"": ""esp32_dht11"", ""timestamp"": ""181842"", ""readings"": {""temp_c"": 0.5, ""moisture"": 13.6, ""ph"": null, ""tds_ppm"": 0.0}}"
esp32_dht11,187057,0.5,13.6,,"{""device_id"": ""esp32_dht11"", ""timestamp"": ""187057"", ""readings"": {""temp_c"": 0.5, ""moisture"": 13.6, ""ph"": null, ""tds_ppm"": 0.0}}"
esp32_dht11,192274,0.5,13.8,,"{""device_id"": ""esp32_dht11"", ""timestamp"": ""192274"", ""readings"": {""temp_c"": 0.5, ""moisture"": 13.8, ""ph"": null, ""tds_ppm"": 0.0}}"
esp32_dht11,197601,0.5,13.9,,"{""device_id"": ""esp32_dht11"", ""timestamp"": ""197601"", ""readings"": {""temp_c"": 0.5, ""moisture"": 13.9, ""ph"": null, ""tds_ppm"": 0.0}}"
esp32_dht11,202808,0.5,14.0,,"{""device_id"": ""esp32_dht11"", ""timestamp"": ""202808"", ""readings"": {""temp_c"": 0.5, ""moisture"": 14.0, ""ph"": null, ""tds_ppm"": 0.0}}"
esp32_dht11,208016,0.5,14.2,,"{""device_id"": ""esp32_dht11"", ""timestamp"": ""208016"", ""readings"": {""temp_c"": 0.5, ""moisture"": 14.2, ""ph"": null, ""tds_ppm"": 0.0}}"
esp32_dht11,213372,0.5,14.3,,"{""device_id"": ""esp32_dht11"", ""timestamp"": ""213372"", ""readings"": {""temp_c"": 0.5, ""moisture"": 14.3, ""ph"": null, ""tds_ppm"": 0.0}}"
esp32_dht11,218701,0.5,14.3,,"{""device_id"": ""esp32_dht11"", ""timestamp"": ""218701"", ""readings"": {""temp_c"": 0.5, ""moisture"": 14.3, ""ph"": null, ""tds_ppm"": 0.0}}"
esp32_dht11,224026,0.5,14.3,,"{""device_id"": ""esp32_dht11"", ""timestamp"": ""224026"", ""readings"": {""temp_c"": 0.5, ""moisture"": 14.3, ""ph"": null, ""tds_ppm"": 0.0}}"
esp32_dht11,229245,-1.0,14.4,,"{""device_id"": ""esp32_dht11"", ""timestamp"": ""229245"", ""readings"": {""temp_c"": -1.0, ""moisture"": 14.4, ""ph"": null, ""tds_ppm"": 0.0}}"
esp32_dht11,234681,-1.0,14.5,,"{""device_id"": ""esp32_dht11"", ""timestamp"": ""234681"", ""readings"": {""temp_c"": -1.0, ""moisture"": 14.5, ""ph"": null, ""tds_ppm"": 0.0}}"
esp32_dht11,239886,-1.0,14.6,,"{""device_id"": ""esp32_dht11"", ""timestamp"": ""239886"", ""readings"": {""temp_c"": -1.0, ""moisture"": 14.6, ""ph"": null, ""tds_ppm"": 0.0}}"
esp32_dht11,245093,-1.0,15.9,,"{""device_id"": ""esp32_dht11"", ""timestamp"": ""245093"", ""readings"": {""temp_c"": -1.0, ""moisture"": 15.9, ""ph"": null, ""tds_ppm"": 0.0}}"
esp32_dht11,250543,-1.0,17.1,,"{""device_id"": ""esp32_dht11"", ""timestamp"": ""250543"", ""readings"": {""temp_c"": -1.0, ""moisture"": 17.1, ""ph"": null, ""tds_ppm"": 0.0}}"
esp32_dht11,255776,-1.0,18.3,,"{""device_id"": ""esp32_dht11"", ""timestamp"": ""255776"", ""readings"": {""temp_c"": -1.0, ""moisture"": 18.3, ""ph"": null, ""tds_ppm"": 0.0}}"
esp32_dht11,261088,-1.0,18.2,,"{""device_id"": ""esp32_dht11"", ""timestamp"": ""261088"", ""readings"": {""temp_c"": -1.0, ""moisture"": 18.2, ""ph"": null, ""tds_ppm"": 0.0}}"
esp32_dht11,266324,-0.9,17.8,,"{""device_id"": ""esp32_dht11"", ""timestamp"": ""266324"", ""readings"": {""temp_c"": -0.9, ""moisture"": 17.8, ""ph"": null, ""tds_ppm"": 0.0}}"
esp32_dht11,271542,-0.9,17.3,,"{""device_id"": ""esp32_dht11"", ""timestamp"": ""271542"", ""readings"": {""temp_c"": -0.9, ""moisture"": 17.3, ""ph"": null, ""tds_ppm"": 0.0}}"
esp32_dht11,276870,-0.9,17.9,,"{""device_id"": ""esp32_dht11"", ""timestamp"": ""276870"", ""readings"": {""temp_c"": -0.9, ""moisture"": 17.9, ""ph"": null, ""tds_ppm"": 0.0}}"
esp32_dht11,282087,-0.9,17.4,,"{""device_id"": ""esp32_dht11"", ""timestamp"": ""282087"", ""readings"": {""temp_c"": -0.9, ""moisture"": 17.4, ""ph"": null, ""tds_ppm"": 0.0}}"
esp32_dht11,287523,-0.9,16.9,,"{""device_id"": ""esp32_dht11"", ""timestamp"": ""287523"", ""readings"": {""temp_c"": -0.9, ""moisture"": 16.9, ""ph"": null, ""tds_ppm"": 0.0}}"
esp32_dht11,292740,-0.9,16.3,,"{""device_id"": ""esp32_dht11"", ""timestamp"": ""292740"", ""readings"": {""temp_c"": -0.9, ""moisture"": 16.3, ""ph"": null, ""tds_ppm"": 0.0}}"
esp32_dht11,298158,-0.9,16.0,,"{""device_id"": ""esp32_dht11"", ""timestamp"": ""298158"", ""readings"": {""temp_c"": -0.9, ""moisture"": 16.0, ""ph"": null, ""tds_ppm"": 0.0}}"
esp32_dht11,303386,-0.9,16.1,,"{""device_id"": ""esp32_dht11"", ""timestamp"": ""303386"", ""readings"": {""temp_c"": -0.9, ""moisture"": 16.1, ""ph"": null, ""tds_ppm"": 0.0}}"
esp32_dht11,308616,-0.8,15.8,,"{""device_id"": ""esp32_dht11"", ""timestamp"": ""308616"", ""readings"": {""temp_c"": -0.8, ""moisture"": 15.8, ""ph"": null, ""tds_ppm"": 0.0}}"
esp32_dht11,313942,-0.8,15.5,,"{""device_id"": ""esp32_dht11"", ""timestamp"": ""313942"", ""readings"": {""temp_c"": -0.8, ""moisture"": 15.5, ""ph"": null, ""tds_ppm"": 0.0}}"
esp32_dht11,319266,-0.8,15.3,,"{""device_id"": ""esp32_dht11"", ""timestamp"": ""319266"", ""readings"": {""temp_c"": -0.8, ""moisture"": 15.3, ""ph"": null, ""tds_ppm"": 0.0}}"
esp32_dht11,324686,-0.8,15.0,,"{""device_id"": ""esp32_dht11"", ""timestamp"": ""324686"", ""readings"": {""temp_c"": -0.8, ""moisture"": 15.0, ""ph"": null, ""tds_ppm"": 0.0}}"
esp32_dht11,330123,-0.9,14.8,,"{""device_id"": ""esp32_dht11"", ""timestamp"": ""330123"", ""readings"": {""temp_c"": -0.9, ""moisture"": 14.8, ""ph"": null, ""tds_ppm"": 0.0}}"
esp32_dht11,335434,-0.9,14.7,,"{""device_id"": ""esp32_dht11"", ""timestamp"": ""335434"", ""readings"": {""temp_c"": -0.9, ""moisture"": 14.7, ""ph"": null, ""tds_ppm"": 0.0}}"
esp32_dht11,340762,-0.8,16.7,,"{""device_id"": ""esp32_dht11"", ""timestamp"": ""340762"", ""readings"": {""temp_c"": -0.8, ""moisture"": 16.7, ""ph"": null, ""tds_ppm"": 0.0}}"
esp32_dht11,346087,-0.8,17.7,,"{""device_id"": ""esp32_dht11"", ""timestamp"": ""346087"", ""readings"": {""temp_c"": -0.8, ""moisture"": 17.7, ""ph"": null, ""tds_ppm"": 0.0}}"
esp32_dht11,351296,-0.8,18.2,,"{""device_id"": ""esp32_dht11"", ""timestamp"": ""351296"", ""readings"": {""temp_c"": -0.8, ""moisture"": 18.2, ""ph"": null, ""tds_ppm"": 0.0}}"
esp32_dht11,356529,-0.7,17.7,,"{""device_id"": ""esp32_dht11"", ""timestamp"": ""356529"", ""readings"": {""temp_c"": -0.7, ""moisture"": 17.7, ""ph"": null, ""tds_ppm"": 0.0}}"
esp32_dht11,361858,-0.7,17.2,,"{""device_id"": ""esp32_dht11"", ""timestamp"": ""361858"", ""readings"": {""temp_c"": -0.7, ""moisture"": 17.2, ""ph"": null, ""tds_ppm"": 0.0}}"
esp32_dht11,367187,-0.7,16.7,,"{""device_id"": ""esp32_dht11"", ""timestamp"": ""367187"", ""readings"": {""temp_c"": -0.7, ""moisture"": 16.7, ""ph"": null, ""tds_ppm"": 0.0}}"
esp32_dht11,372413,-0.6,16.2,,"{""device_id"": ""esp32_dht11"", ""timestamp"": ""372413"", ""readings"": {""temp_c"": -0.6, ""moisture"": 16.2, ""ph"": null, ""tds_ppm"": 0.0}}"
esp32_dht11,377630,-0.6,15.8,,"{""device_id"": ""esp32_dht11"", ""timestamp"": ""377630"", ""readings"": {""temp_c"": -0.6, ""moisture"": 15.8, ""ph"": null, ""tds_ppm"": 0.0}}"
esp32_dht11,382956,-0.5,15.4,,"{""device_id"": ""esp32_dht11"", ""timestamp"": ""382956"", ""readings"": {""temp_c"": -0.5, ""moisture"": 15.4, ""ph"": null, ""tds_ppm"": 0.0}}"
esp32_dht11,388375,-0.5,15.2,,"{""device_id"": ""esp32_dht11"", ""timestamp"": ""388375"", ""readings"": {""temp_c"": -0.5, ""moisture"": 15.2, ""ph"": null, ""tds_ppm"": 0.0}}"
esp32_dht11,393594,-0.5,15.5,,"{""device_id"": ""esp32_dht11"", ""timestamp"": ""393594"", ""readings"": {""temp_c"": -0.5, ""moisture"": 15.5, ""ph"": null, ""tds_ppm"": 0.0}}"
esp32_dht11,398803,-0.4,16.4,,"{""device_id"": ""esp32_dht11"", ""timestamp"": ""398803"", ""readings"": {""temp_c"": -0.4, ""moisture"": 16.4, ""ph"": null, ""tds_ppm"": 0.0}}"
esp32_dht11,404019,-0.3,22.3,,"{""device_id"": ""esp32_dht11"", ""timestamp"": ""404019"", ""readings"": {""temp_c"": -0.3, ""moisture"": 22.3, ""ph"": null, ""tds_ppm"": 0.0}}"
esp32_dht11,409227,-0.1,24.0,,"{""device_id"": ""esp32_dht11"", ""timestamp"": ""409227"", ""readings"": {""temp_c"": -0.1, ""moisture"": 24.0, ""ph"": null, ""tds_ppm"": 0.0}}"
esp32_dht11,414435,0.0,23.3,,"{""device_id"": ""esp32_dht11"", ""timestamp"": ""414435"", ""readings"": {""temp_c"": 0.0, ""moisture"": 23.3, ""ph"": null, ""tds_ppm"": 0.0}}"
esp32_dht11,419717,0.2,22.1,,"{""device_id"": ""esp32_dht11"", ""timestamp"": ""419717"", ""readings"": {""temp_c"": 0.2, ""moisture"": 22.1, ""ph"": null, ""tds_ppm"": 0.0}}"
esp32_dht11,424928,0.3,21.0,,"{""device_id"": ""esp32_dht11"", ""timestamp"": ""424928"", ""readings"": {""temp_c"": 0.3, ""moisture"": 21.0, ""ph"": null, ""tds_ppm"": 0.0}}"
esp32_dht11,430144,0.4,19.9,,"{""device_id"": ""esp32_dht11"", ""timestamp"": ""430144"", ""readings"": {""temp_c"": 0.4, ""moisture"": 19.9, ""ph"": null, ""tds_ppm"": 0.0}}"
esp32_dht11,435358,0.5,20.9,,"{""device_id"": ""esp32_dht11"", ""timestamp"": ""435358"", ""readings"": {""temp_c"": 0.5, ""moisture"": 20.9, ""ph"": null, ""tds_ppm"": 0.0}}"
esp32_dht11,440566,1.0,20.2,,"{""device_id"": ""esp32_dht11"", ""timestamp"": ""440566"", ""readings"": {""temp_c"": 1.0, ""moisture"": 20.2, ""ph"": null, ""tds_ppm"": 0.0}}"
esp32_dht11,445771,1.0,19.0,,"{""device_id"": ""esp32_dht11"", ""timestamp"": ""445771"", ""readings"": {""temp_c"": 1.0, ""moisture"": 19.0, ""ph"": null, ""tds_ppm"": 0.0}}"
esp32_dht11,451053,1.1,17.8,,"{""device_id"": ""esp32_dht11"", ""timestamp"": ""451053"", ""readings"": {""temp_c"": 1.1, ""moisture"": 17.8, ""ph"": null, ""tds_ppm"": 0.0}}"
esp32_dht11,456380,1.2,16.8,,"{""device_id"": ""esp32_dht11"", ""timestamp"": ""456380"", ""readings"": {""temp_c"": 1.2, ""moisture"": 16.8, ""ph"": null, ""tds_ppm"": 0.0}}"
esp32_dht11,461705,1.2,15.9,,"{""device_id"": ""esp32_dht11"", ""timestamp"": ""461705"", ""readings"": {""temp_c"": 1.2, ""moisture"": 15.9, ""ph"": null, ""tds_ppm"": 0.0}}"
esp32_dht11,466927,1.3,15.3,,"{""device_id"": ""esp32_dht11"", ""timestamp"": ""466927"", ""readings"": {""temp_c"": 1.3, ""moisture"": 15.3, ""ph"": null, ""tds_ppm"": 0.0}}"
esp32_dht11,472361,1.3,14.8,,"{""device_id"": ""esp32_dht11"", ""timestamp"": ""472361"", ""readings"": {""temp_c"": 1.3, ""moisture"": 14.8, ""ph"": null, ""tds_ppm"": 0.0}}"
esp32_dht11,477566,1.3,14.9,,"{""device_id"": ""esp32_dht11"", ""timestamp"": ""477566"", ""readings"": {""temp_c"": 1.3, ""moisture"": 14.9, ""ph"": null, ""tds_ppm"": 0.0}}"
esp32_dht11,482791,1.3,14.5,,"{""device_id"": ""esp32_dht11"", ""timestamp"": ""482791"", ""readings"": {""temp_c"": 1.3, ""moisture"": 14.5, ""ph"": null, ""tds_ppm"": 0.0}}"
esp32_dht11,488014,1.4,14.0,,"{""device_id"": ""esp32_dht11"", ""timestamp"": ""488014"", ""readings"": {""temp_c"": 1.4, ""moisture"": 14.0, ""ph"": null, ""tds_ppm"": 0.0}}"
esp32_dht11,493447,1.4,13.5,,"{""device_id"": ""esp32_dht11"", ""timestamp"": ""493447"", ""readings"": {""temp_c"": 1.4, ""moisture"": 13.5, ""ph"": null, ""tds_ppm"": 0.0}}"
esp32_dht11,498772,1.4,13.2,,"{""device_id"": ""esp32_dht11"", ""timestamp"": ""498772"", ""readings"": {""temp_c"": 1.4, ""moisture"": 13.2, ""ph"": null, ""tds_ppm"": 0.0}}"
esp32_dht11,503979,1.4,12.9,,"{""device_id"": ""esp32_dht11"", ""timestamp"": ""503979"", ""readings"": {""temp_c"": 1.4, ""moisture"": 12.9, ""ph"": null, ""tds_ppm"": 0.0}}"
esp32_dht11,509213,1.4,12.9,,"{""device_id"": ""esp32_dht11"", ""timestamp"": ""509213"", ""readings"": {""temp_c"": 1.4, ""moisture"": 12.9, ""ph"": null, ""tds_ppm"": 0.0}}"
esp32_dht11,514551,1.5,13.1,,"{""device_id"": ""esp32_dht11"", ""timestamp"": ""514551"", ""readings"": {""temp_c"": 1.5, ""moisture"": 13.1, ""ph"": null, ""tds_ppm"": 0.0}}"
esp32_dht11,519861,1.5,14.5,,"{""device_id"": ""esp32_dht11"", ""timestamp"": ""519861"", ""readings"": {""temp_c"": 1.5, ""moisture"": 14.5, ""ph"": null, ""tds_ppm"": 0.0}}"
esp32_dht11,525069,1.5,15.5,,"{""device_id"": ""esp32_dht11"", ""timestamp"": ""525069"", ""readings"": {""temp_c"": 1.5, ""moisture"": 15.5, ""ph"": null, ""tds_ppm"": 0.0}}"
esp32_dht11,530278,1.5,16.2,,"{""device_id"": ""esp32_dht11"", ""timestamp"": ""530278"", ""readings"": {""temp_c"": 1.5, ""moisture"": 16.2, ""ph"": null, ""tds_ppm"": 0.0}}"
esp32_dht11,535518,0.0,0.0,,"{""device_id"": ""esp32_dht11"", ""timestamp"": ""535518"", ""readings"": {""temp_c"": 0.0, ""moisture"": 0.0, ""ph"": null, ""tds_ppm"": 0.0}}"
esp32_dht11,543220,1.5,17.2,,"{""device_id"": ""esp32_dht11"", ""timestamp"": ""543220"", ""readings"": {""temp_c"": 1.5, ""moisture"": 17.2, ""ph"": null, ""tds_ppm"": 0.0}}"
esp32_dht11,548541,1.5,17.1,,"{""device_id"": ""esp32_dht11"", ""timestamp"": ""548541"", ""readings"": {""temp_c"": 1.5, ""moisture"": 17.1, ""ph"": null, ""tds_ppm"": 0.0}}"
esp32_dht11,553752,1.5,16.4,,"{""device_id"": ""esp32_dht11"", ""timestamp"": ""553752"", ""readings"": {""temp_c"": 1.5, ""moisture"": 16.4, ""ph"": null, ""tds_ppm"": 0.0}}"
esp32_dht11,558984,1.5,16.7,,"{""device_id"": ""esp32_dht11"", ""timestamp"": ""558984"", ""readings"": {""temp_c"": 1.5, ""moisture"": 16.7, ""ph"": null, ""tds_ppm"": 0.0}}"
esp32_dht11,564188,1.6,15.9,,"{""device_id"": ""esp32_dht11"", ""timestamp"": ""564188"", ""readings"": {""temp_c"": 1.6, ""moisture"": 15.9, ""ph"": null, ""tds_ppm"": 0.0}}"
esp32_dht11,569529,1.5,14.9,,"{""device_id"": ""esp32_dht11"", ""timestamp"": ""569529"", ""readings"": {""temp_c"": 1.5, ""moisture"": 14.9, ""ph"": null, ""tds_ppm"": 0.0}}"
esp32_dht11,574735,1.5,14.1,,"{""device_id"": ""esp32_dht11"", ""timestamp"": ""574735"", ""readings"": {""temp_c"": 1.5, ""moisture"": 14.1, ""ph"": null, ""tds_ppm"": 0.0}}"
esp32_dht11,579946,1.5,13.6,,"{""device_id"": ""esp32_dht11"", ""timestamp"": ""579946"", ""readings"": {""temp_c"": 1.5, ""moisture"": 13.6, ""ph"": null, ""tds_ppm"": 0.0}}"
esp32_dht11,585158,1.5,13.1,,"{""device_id"": ""esp32_dht11"", ""timestamp"": ""585158"", ""readings"": {""temp_c"": 1.5, ""moisture"": 13.1, ""ph"": null, ""tds_ppm"": 0.0}}"
esp32_dht11,590369,1.5,12.8,,"{""device_id"": ""esp32_dht11"", ""timestamp"": ""590369"", ""readings"": {""temp_c"": 1.5, ""moisture"": 12.8, ""ph"": null, ""tds_ppm"": 0.0}}"
esp32_dht11,595742,1.4,12.5,,"{""device_id"": ""esp32_dht11"", ""timestamp"": ""595742"", ""readings"": {""temp_c"": 1.4, ""moisture"": 12.5, ""ph"": null, ""tds_ppm"": 0.0}}"
esp32_dht11,600957,1.4,12.3,,"{""device_id"": ""esp32_dht11"", ""timestamp"": ""600957"", ""readings"": {""temp_c"": 1.4, ""moisture"": 12.3, ""ph"": null, ""tds_ppm"": 0.0}}"
esp32_dht11,606190,1.4,12.1,,"{""device_id"": ""esp32_dht11"", ""timestamp"": ""606190"", ""readings"": {""temp_c"": 1.4, ""moisture"": 12.1, ""ph"": null, ""tds_ppm"": 0.0}}"
esp32_dht11,611397,1.4,12.0,,"{""device_id"": ""esp32_dht11"", ""timestamp"": ""611397"", ""readings"": {""temp_c"": 1.4, ""moisture"": 12.0, ""ph"": null, ""tds_ppm"": 0.0}}"
esp32_dht11,616618,1.3,11.9,,"{""device_id"": ""esp32_dht11"", ""timestamp"": ""616618"", ""readings"": {""temp_c"": 1.3, ""moisture"": 11.9, ""ph"": null, ""tds_ppm"": 0.0}}"
esp32_dht11,621955,1.6,23.1,,"{""device_id"": ""esp32_dht11"", ""timestamp"": ""621955"", ""readings"": {""temp_c"": 1.6, ""moisture"": 23.1, ""ph"": null, ""tds_ppm"": 0.0}}"
esp32_dht11,627161,1.0,17.1,,"{""device_id"": ""esp32_dht11"", ""timestamp"": ""627161"", ""readings"": {""temp_c"": 1.0, ""moisture"": 17.1, ""ph"": null, ""tds_ppm"": 0.0}}"
esp32_dht11,632366,1.0,27.1,,"{""device_id"": ""esp32_dht11"", ""timestamp"": ""632366"", ""readings"": {""temp_c"": 1.0, ""moisture"": 27.1, ""ph"": null, ""tds_ppm"": 0.0}}"
esp32_dht11,637726,2.5,8.6,,"{""device_id"": ""esp32_dht11"", ""timestamp"": ""637726"", ""readings"": {""temp_c"": 2.5, ""moisture"": 8.6, ""ph"": null, ""tds_ppm"": 0.0}}"
esp32_dht11,642943,2.3,12.5,,"{""device_id"": ""esp32_dht11"", ""timestamp"": ""642943"", ""readings"": {""temp_c"": 2.3, ""moisture"": 12.5, ""ph"": null, ""tds_ppm"": 0.0}}"
esp32_dht11,648153,2.2,14.7,,"{""device_id"": ""esp32_dht11"", ""timestamp"": ""648153"", ""readings"": {""temp_c"": 2.2, ""moisture"": 14.7, ""ph"": null, ""tds_ppm"": 0.0}}"
esp32_dht11,653356,2.0,15.4,,"{""device_id"": ""esp32_dht11"", ""timestamp"": ""653356"", ""readings"": {""temp_c"": 2.0, ""moisture"": 15.4, ""ph"": null, ""tds_ppm"": 0.0}}"
esp32_dht11,658563,1.9,15.8,,"{""device_id"": ""esp32_dht11"", ""timestamp"": ""658563"", ""readings"": {""temp_c"": 1.9, ""moisture"": 15.8, ""ph"": null, ""tds_ppm"": 0.0}}"
esp32_dht11,663768,1.7,15.6,,"{""device_id"": ""esp32_dht11"", ""timestamp"": ""663768"", ""readings"": {""temp_c"": 1.7, ""moisture"": 15.6, ""ph"": null, ""tds_ppm"": 0.0}}"
esp32_dht11,669061,1.6,14.8,,"{""device_id"": ""esp32_dht11"", ""timestamp"": ""669061"", ""readings"": {""temp_c"": 1.6, ""moisture"": 14.8, ""ph"": null, ""tds_ppm"": 0.0}}"
esp32_dht11,674388,1.4,13.0,,"{""device_id"": ""esp32_dht11"", ""timestamp"": ""674388"", ""readings"": {""temp_c"": 1.4, ""moisture"": 13.0, ""ph"": null, ""tds_ppm"": 0.0}}"
esp32_dht11,679602,1.3,10.2,,"{""device_id"": ""esp32_dht11"", ""timestamp"": ""679602"", ""readings"": {""temp_c"": 1.3, ""moisture"": 10.2, ""ph"": null, ""tds_ppm"": 0.0}}"
esp32_dht11,685038,1.2,7.3,,"{""device_id"": ""esp32_dht11"", ""timestamp"": ""685038"", ""readings"": {""temp_c"": 1.2, ""moisture"": 7.3, ""ph"": null, ""tds_ppm"": 0.0}}"
esp32_dht11,690251,1.1,4.9,,"{""device_id"": ""esp32_dht11"", ""timestamp"": ""690251"", ""readings"": {""temp_c"": 1.1, ""moisture"": 4.9, ""ph"": null, ""tds_ppm"": 0.0}}"
esp32_dht11,695690,1.0,27.3,,"{""device_id"": ""esp32_dht11"", ""timestamp"": ""695690"", ""readings"": {""temp_c"": 1.0, ""moisture"": 27.3, ""ph"": null, ""tds_ppm"": 0.0}}"
esp32_dht11,700898,2.5,25.3,,"{""device_id"": ""esp32_dht11"", ""timestamp"": ""700898"", ""readings"": {""temp_c"": 2.5, ""moisture"": 25.3, ""ph"": null, ""tds_ppm"": 0.0}}"
esp32_dht11,706125,2.4,24.1,,"{""device_id"": ""esp32_dht11"", ""timestamp"": ""706125"", ""readings"": {""temp_c"": 2.4, ""moisture"": 24.1, ""ph"": null, ""tds_ppm"": 0.0}}"
esp32_dht11,711462,2.3,22.9,,"{""device_id"": ""esp32_dht11"", ""timestamp"": ""711462"", ""readings"": {""temp_c"": 2.3, ""moisture"": 22.9, ""ph"": null, ""tds_ppm"": 0.0}}"
esp32_dht11,716688,2.2,21.7,,"{""device_id"": ""esp32_dht11"", ""timestamp"": ""716688"", ""readings"": {""temp_c"": 2.2, ""moisture"": 21.7, ""ph"": null, ""tds_ppm"": 0.0}}"
esp32_dht11,721913,2.1,20.6,,"{""device_id"": ""esp32_dht11"", ""timestamp"": ""721913"", ""readings"": {""temp_c"": 2.1, ""moisture"": 20.6, ""ph"": null, ""tds_ppm"": 0.0}}"
esp32_dht11,727229,2.1,18.8,,"{""device_id"": ""esp32_dht11"", ""timestamp"": ""727229"", ""readings"": {""temp_c"": 2.1, ""moisture"": 18.8, ""ph"": null, ""tds_ppm"": 0.0}}"
esp32_dht11,732557,2.0,17.0,,"{""device_id"": ""esp32_dht11"", ""timestamp"": ""732557"", ""readings"": {""temp_c"": 2.0, ""moisture"": 17.0, ""ph"": null, ""tds_ppm"": 0.0}}"
esp32_dht11,737884,2.0,15.0,,"{""device_id"": ""esp32_dht11"", ""timestamp"": ""737884"", ""readings"": {""temp_c"": 2.0, ""moisture"": 15.0, ""ph"": null, ""tds_ppm"": 0.0}}"
esp32_dht11,743103,1.9,12.6,,"{""device_id"": ""esp32_dht11"", ""timestamp"": ""743103"", ""readings"": {""temp_c"": 1.9, ""moisture"": 12.6, ""ph"": null, ""tds_ppm"": 0.0}}"
esp32_dht11,748314,1.9,10.3,,"{""device_id"": ""esp32_dht11"", ""timestamp"": ""748314"", ""readings"": {""temp_c"": 1.9, ""moisture"": 10.3, ""ph"": null, ""tds_ppm"": 0.0}}"
esp32_dht11,753527,1.9,8.2,,"{""device_id"": ""esp32_dht11"", ""timestamp"": ""753527"", ""readings"": {""temp_c"": 1.9, ""moisture"": 8.2, ""ph"": null, ""tds_ppm"": 842090.7}}"
esp32_dht11,758871,1.8,6.3,,"{""device_id"": ""esp32_dht11"", ""timestamp"": ""758871"", ""readings"": {""temp_c"": 1.8, ""moisture"": 6.3, ""ph"": null, ""tds_ppm"": 1112501.4}}"
esp32_dht11,764081,1.8,4.5,,"{""device_id"": ""esp32_dht11"", ""timestamp"": ""764081"", ""readings"": {""temp_c"": 1.8, ""moisture"": 4.5, ""ph"": null, ""tds_ppm"": 1165371.9}}"
esp32_dht11,769287,1.8,2.4,,"{""device_id"": ""esp32_dht11"", ""timestamp"": ""769287"", ""readings"": {""temp_c"": 1.8, ""moisture"": 2.4, ""ph"": null, ""tds_ppm"": 0.0}}"
esp32_dht11,774646,1.7,25.3,,"{""device_id"": ""esp32_dht11"", ""timestamp"": ""774646"", ""readings"": {""temp_c"": 1.7, ""moisture"": 25.3, ""ph"": null, ""tds_ppm"": 0.0}}"
esp32_dht11,779974,1.7,24.5,,"{""device_id"": ""esp32_dht11"", ""timestamp"": ""779974"", ""readings"": {""temp_c"": 1.7, ""moisture"": 24.5, ""ph"": null, ""tds_ppm"": 0.0}}"
esp32_dht11,785255,1.6,23.3,,"{""device_id"": ""esp32_dht11"", ""timestamp"": ""785255"", ""readings"": {""temp_c"": 1.6, ""moisture"": 23.3, ""ph"": null, ""tds_ppm"": 0.0}}"
esp32_dht11,790462,1.6,22.3,,"{""device_id"": ""esp32_dht11"", ""timestamp"": ""790462"", ""readings"": {""temp_c"": 1.6, ""moisture"": 22.3, ""ph"": null, ""tds_ppm"": 0.0}}"
esp32_dht11,795668,1.5,21.5,,"{""device_id"": ""esp32_dht11"", ""timestamp"": ""795668"", ""readings"": {""temp_c"": 1.5, ""moisture"": 21.5, ""ph"": null, ""tds_ppm"": 0.0}}"
esp32_dht11,800894,1.5,20.8,,"{""device_id"": ""esp32_dht11"", ""timestamp"": ""800894"", ""readings"": {""temp_c"": 1.5, ""moisture"": 20.8, ""ph"": null, ""tds_ppm"": 0.0}}"
esp32_dht11,806101,1.4,20.1,,"{""device_id"": ""esp32_dht11"", ""timestamp"": ""806101"", ""readings"": {""temp_c"": 1.4, ""moisture"": 20.1, ""ph"": null, ""tds_ppm"": 0.0}}"
esp32_dht11,811311,1.4,19.7,,"{""device_id"": ""esp32_dht11"", ""timestamp"": ""811311"", ""readings"": {""temp_c"": 1.4, ""moisture"": 19.7, ""ph"": null, ""tds_ppm"": 0.0}}"
esp32_dht11,816521,1.3,19.3,,"{""device_id"": ""esp32_dht11"", ""timestamp"": ""816521"", ""readings"": {""temp_c"": 1.3, ""moisture"": 19.3, ""ph"": null, ""tds_ppm"": 0.0}}"
esp32_dht11,821958,1.3,19.1,,"{""device_id"": ""esp32_dht11"", ""timestamp"": ""821958"", ""readings"": {""temp_c"": 1.3, ""moisture"": 19.1, ""ph"": null, ""tds_ppm"": 0.0}}"
esp32_dht11,827171,1.3,18.9,,"{""device_id"": ""esp32_dht11"", ""timestamp"": ""827171"", ""readings"": {""temp_c"": 1.3, ""moisture"": 18.9, ""ph"": null, ""tds_ppm"": 0.0}}"
esp32_dht11,832382,1.2,18.6,,"{""device_id"": ""esp32_dht11"", ""timestamp"": ""832382"", ""readings"": {""temp_c"": 1.2, ""moisture"": 18.6, ""ph"": null, ""tds_ppm"": 0.0}}"
esp32_dht11,837722,1.1,18.2,,"{""device_id"": ""esp32_dht11"", ""timestamp"": ""837722"", ""readings"": {""temp_c"": 1.1, ""moisture"": 18.2, ""ph"": null, ""tds_ppm"": 0.0}}"
esp32_dht11,842930,1.1,17.7,,"{""device_id"": ""esp32_dht11"", ""timestamp"": ""842930"", ""readings"": {""temp_c"": 1.1, ""moisture"": 17.7, ""ph"": null, ""tds_ppm"": 0.0}}"
esp32_dht11,848165,1.1,17.2,,"{""device_id"": ""esp32_dht11"", ""timestamp"": ""848165"", ""readings"": {""temp_c"": 1.1, ""moisture"": 17.2, ""ph"": null, ""tds_ppm"": 0.0}}"
esp32_dht11,853376,1.0,16.7,,"{""device_id"": ""esp32_dht11"", ""timestamp"": ""853376"", ""readings"": {""temp_c"": 1.0, ""moisture"": 16.7, ""ph"": null, ""tds_ppm"": 0.0}}"
esp32_dht11,858588,1.0,16.2,,"{""device_id"": ""esp32_dht11"", ""timestamp"": ""858588"", ""readings"": {""temp_c"": 1.0, ""moisture"": 16.2, ""ph"": null, ""tds_ppm"": 0.0}}"
esp32_dht11,863794,1.0,15.9,,"{""device_id"": ""esp32_dht11"", ""timestamp"": ""863794"", ""readings"": {""temp_c"": 1.0, ""moisture"": 15.9, ""ph"": null, ""tds_ppm"": 0.0}}"
esp32_dht11,869003,0.5,15.5,,"{""device_id"": ""esp32_dht11"", ""timestamp"": ""869003"", ""readings"": {""temp_c"": 0.5, ""moisture"": 15.5, ""ph"": null, ""tds_ppm"": 0.0}}"
esp32_dht11,874217,0.5,15.3,,"{""device_id"": ""esp32_dht11"", ""timestamp"": ""874217"", ""readings"": {""temp_c"": 0.5, ""moisture"": 15.3, ""ph"": null, ""tds_ppm"": 43787.9}}"
esp32_dht11,879498,0.5,15.2,,"{""device_id"": ""esp32_dht11"", ""timestamp"": ""879498"", ""readings"": {""temp_c"": 0.5, ""moisture"": 15.2, ""ph"": null, ""tds_ppm"": 0.0}}"
esp32_dht11,884703,0.4,15.1,,"{""device_id"": ""esp32_dht11"", ""timestamp"": ""884703"", ""readings"": {""temp_c"": 0.4, ""moisture"": 15.1, ""ph"": null, ""tds_ppm"": 0.0}}"
esp32_dht11,889953,0.4,15.0,,"{""device_id"": ""esp32_dht11"", ""timestamp"": ""889953"", ""readings"": {""temp_c"": 0.4, ""moisture"": 15.0, ""ph"": null, ""tds_ppm"": 183722.0}}"
esp32_dht11,895161,0.4,14.8,,"{""device_id"": ""esp32_dht11"", ""timestamp"": ""895161"", ""readings"": {""temp_c"": 0.4, ""moisture"": 14.8, ""ph"": null, ""tds_ppm"": 173076.0}}"
esp32_dht11,900393,0.4,14.6,,"{""device_id"": ""esp32_dht11"", ""timestamp"": ""900393"", ""readings"": {""temp_c"": 0.4, ""moisture"": 14.6, ""ph"": null, ""tds_ppm"": 0.0}}"
esp32_dht11,905598,0.3,14.5,,"{""device_id"": ""esp32_dht11"", ""timestamp"": ""905598"", ""readings"": {""temp_c"": 0.3, ""moisture"": 14.5, ""ph"": null, ""tds_ppm"": 0.0}}"
esp32_dht11,910831,0.3,14.4,,"{""device_id"": ""esp32_dht11"", ""timestamp"": ""910831"", ""readings"": {""temp_c"": 0.3, ""moisture"": 14.4, ""ph"": null, ""tds_ppm"": 0.0}}"
esp32_dht11,916172,0.3,14.5,,"{""device_id"": ""esp32_dht11"", ""timestamp"": ""916172"", ""readings"": {""temp_c"": 0.3, ""moisture"": 14.5, ""ph"": null, ""tds_ppm"": 0.0}}"
esp32_dht11,921483,0.3,14.5,,"{""device_id"": ""esp32_dht11"", ""timestamp"": ""921483"", ""readings"": {""temp_c"": 0.3, ""moisture"": 14.5, ""ph"": null, ""tds_ppm"": 0.0}}"
esp32_dht11,926809,0.2,14.4,,"{""device_id"": ""esp32_dht11"", ""timestamp"": ""926809"", ""readings"": {""temp_c"": 0.2, ""moisture"": 14.4, ""ph"": null, ""tds_ppm"": 0.0}}"
esp32_dht11,932134,0.2,14.4,,"{""device_id"": ""esp32_dht11"", ""timestamp"": ""932134"", ""readings"": {""temp_c"": 0.2, ""moisture"": 14.4, ""ph"": null, ""tds_ppm"": 0.0}}"
esp32_dht11,937342,0.2,14.3,,"{""device_id"": ""esp32_dht11"", ""timestamp"": ""937342"", ""readings"": {""temp_c"": 0.2, ""moisture"": 14.3, ""ph"": null, ""tds_ppm"": 0.0}}"
esp32_dht11,942575,0.2,14.3,,"{""device_id"": ""esp32_dht11"", ""timestamp"": ""942575"", ""readings"": {""temp_c"": 0.2, ""moisture"": 14.3, ""ph"": null, ""tds_ppm"": 0.0}}"
esp32_dht11,947796,0.1,14.2,,"{""device_id"": ""esp32_dht11"", ""timestamp"": ""947796"", ""readings"": {""temp_c"": 0.1, ""moisture"": 14.2, ""ph"": null, ""tds_ppm"": 0.0}}"
esp32_dht11,953625,0.1,14.2,,"{""device_id"": ""esp32_dht11"", ""timestamp"": ""953625"", ""readings"": {""temp_c"": 0.1, ""moisture"": 14.2, ""ph"": null, ""tds_ppm"": 0.0}}"
esp32_dht11,958967,0.1,14.2,,"{""device_id"": ""esp32_dht11"", ""timestamp"": ""958967"", ""readings"": {""temp_c"": 0.1, ""moisture"": 14.2, ""ph"": null, ""tds_ppm"": 0.0}}"
esp32_dht11,964178,0.1,14.1,,"{""device_id"": ""esp32_dht11"", ""timestamp"": ""964178"", ""readings"": {""temp_c"": 0.1, ""moisture"": 14.1, ""ph"": null, ""tds_ppm"": 0.0}}"
esp32_dht11,969412,0.1,14.2,,"{""device_id"": ""esp32_dht11"", ""timestamp"": ""969412"", ""readings"": {""temp_c"": 0.1, ""moisture"": 14.2, ""ph"": null, ""tds_ppm"": 0.0}}"
esp32_dht11,974621,0.1,14.2,,"{""device_id"": ""esp32_dht11"", ""timestamp"": ""974621"", ""readings"": {""temp_c"": 0.1, ""moisture"": 14.2, ""ph"": null, ""tds_ppm"": 0.0}}"
esp32_dht11,979869,0.0,14.2,,"{""device_id"": ""esp32_dht11"", ""timestamp"": ""979869"", ""readings"": {""temp_c"": 0.0, ""moisture"": 14.2, ""ph"": null, ""tds_ppm"": 0.0}}"
esp32_dht11,985073,0.0,14.3,,"{""device_id"": ""esp32_dht11"", ""timestamp"": ""985073"", ""readings"": {""temp_c"": 0.0, ""moisture"": 14.3, ""ph"": null, ""tds_ppm"": 0.0}}"
esp32_dht11,990282,0.0,14.5,,"{""device_id"": ""esp32_dht11"", ""timestamp"": ""990282"", ""readings"": {""temp_c"": 0.0, ""moisture"": 14.5, ""ph"": null, ""tds_ppm"": 0.0}}"
esp32_dht11,995505,0.0,14.4,,"{""device_id"": ""esp32_dht11"", ""timestamp"": ""995505"", ""readings"": {""temp_c"": 0.0, ""moisture"": 14.4, ""ph"": null, ""tds_ppm"": 0.0}}"
esp32_dht11,1000710,0.0,14.4,,"{""device_id"": ""esp32_dht11"", ""timestamp"": ""1000710"", ""readings"": {""temp_c"": 0.0, ""moisture"": 14.4, ""ph"": null, ""tds_ppm"": 0.0}}"
esp32_dht11,1005919,0.0,14.4,,"{""device_id"": ""esp32_dht11"", ""timestamp"": ""1005919"", ""readings"": {""temp_c"": 0.0, ""moisture"": 14.4, ""ph"": null, ""tds_ppm"": 0.0}}"
esp32_dht11,1011125,0.0,14.4,,"{""device_id"": ""esp32_dht11"", ""timestamp"": ""1011125"", ""readings"": {""temp_c"": 0.0, ""moisture"": 14.4, ""ph"": null, ""tds_ppm"": 0.0}}"
esp32_dht11,1016334,-0.1,14.4,,"{""device_id"": ""esp32_dht11"", ""timestamp"": ""1016334"", ""readings"": {""temp_c"": -0.1, ""moisture"": 14.4, ""ph"": null, ""tds_ppm"": 0.0}}"
esp32_dht11,1021548,-0.1,14.4,,"{""device_id"": ""esp32_dht11"", ""timestamp"": ""1021548"", ""readings"": {""temp_c"": -0.1, ""moisture"": 14.4, ""ph"": null, ""tds_ppm"": 0.0}}"
esp32_dht11,1026758,-0.1,14.3,,"{""device_id"": ""esp32_dht11"", ""timestamp"": ""1026758"", ""readings"": {""temp_c"": -0.1, ""moisture"": 14.3, ""ph"": null, ""tds_ppm"": 0.0}}"
esp32_dht11,1032177,-0.1,14.3,,"{""device_id"": ""esp32_dht11"", ""timestamp"": ""1032177"", ""readings"": {""temp_c"": -0.1, ""moisture"": 14.3, ""ph"": null, ""tds_ppm"": 0.0}}"
esp32_dht11,1037387,-0.1,14.3,,"{""device_id"": ""esp32_dht11"", ""timestamp"": ""1037387"", ""readings"": {""temp_c"": -0.1, ""moisture"": 14.3, ""ph"": null, ""tds_ppm"": 0.0}}"
esp32_dht11,1042631,-0.2,14.2,,"{""device_id"": ""esp32_dht11"", ""timestamp"": ""1042631"", ""readings"": {""temp_c"": -0.2, ""moisture"": 14.2, ""ph"": null, ""tds_ppm"": 0.0}}"
esp32_dht11,1047839,-0.2,14.4,,"{""device_id"": ""esp32_dht11"", ""timestamp"": ""1047839"", ""readings"": {""temp_c"": -0.2, ""moisture"": 14.4, ""ph"": null, ""tds_ppm"": 0.0}}"
esp32_dht11,1053062,-0.2,14.3,,"{""device_id"": ""esp32_dht11"", ""timestamp"": ""1053062"", ""readings"": {""temp_c"": -0.2, ""moisture"": 14.3, ""ph"": null, ""tds_ppm"": 0.0}}"
esp32_dht11,1058295,-0.2,14.3,,"{""device_id"": ""esp32_dht11"", ""timestamp"": ""1058295"", ""readings"": {""temp_c"": -0.2, ""moisture"": 14.3, ""ph"": null, ""tds_ppm"": 0.0}}"
esp32_dht11,1063735,-0.2,14.3,,"{""device_id"": ""esp32_dht11"", ""timestamp"": ""1063735"", ""readings"": {""temp_c"": -0.2, ""moisture"": 14.3, ""ph"": null, ""tds_ppm"": 0.0}}"
esp32_dht11,1068958,-0.2,14.3,,"{""device_id"": ""esp32_dht11"", ""timestamp"": ""1068958"", ""readings"": {""temp_c"": -0.2, ""moisture"": 14.3, ""ph"": null, ""tds_ppm"": 0.0}}"
esp32_dht11,1074377,-0.2,14.3,,"{""device_id"": ""esp32_dht11"", ""timestamp"": ""1074377"", ""readings"": {""temp_c"": -0.2, ""moisture"": 14.3, ""ph"": null, ""tds_ppm"": 0.0}}"
esp32_dht11,1079593,-0.2,14.3,,"{""device_id"": ""esp32_dht11"", ""timestamp"": ""1079593"", ""readings"": {""temp_c"": -0.2, ""moisture"": 14.3, ""ph"": null, ""tds_ppm"": 0.0}}"
esp32_dht11,1085030,-0.2,14.3,,"{""device_id"": ""esp32_dht11"", ""timestamp"": ""1085030"", ""readings"": {""temp_c"": -0.2, ""moisture"": 14.3, ""ph"": null, ""tds_ppm"": 0.0}}"
esp32_dht11,1090243,-0.3,14.3,,"{""device_id"": ""esp32_dht11"", ""timestamp"": ""1090243"", ""readings"": {""temp_c"": -0.3, ""moisture"": 14.3, ""ph"": null, ""tds_ppm"": 0.0}}"
esp32_dht11,1095678,-0.3,14.3,,"{""device_id"": ""esp32_dht11"", ""timestamp"": ""1095678"", ""readings"": {""temp_c"": -0.3, ""moisture"": 14.3, ""ph"": null, ""tds_ppm"": 0.0}}"
esp32_dht11,1100885,-0.3,14.3,,"{""device_id"": ""esp32_dht11"", ""timestamp"": ""1100885"", ""readings"": {""temp_c"": -0.3, ""moisture"": 14.3, ""ph"": null, ""tds_ppm"": 0.0}}"
esp32_dht11,1106095,-0.3,14.4,,"{""device_id"": ""esp32_dht11"", ""timestamp"": ""1106095"", ""readings"": {""temp_c"": -0.3, ""moisture"": 14.4, ""ph"": null, ""tds_ppm"": 0.0}}"
esp32_dht11,1111306,-0.3,14.4,,"{""device_id"": ""esp32_dht11"", ""timestamp"": ""1111306"", ""readings"": {""temp_c"": -0.3, ""moisture"": 14.4, ""ph"": null, ""tds_ppm"": 0.0}}"
esp32_dht11,1116519,-0.3,14.4,,"{""device_id"": ""esp32_dht11"", ""timestamp"": ""1116519"", ""readings"": {""temp_c"": -0.3, ""moisture"": 14.4, ""ph"": null, ""tds_ppm"": 0.0}}"
esp32_dht11,1121891,-0.3,14.4,,"{""device_id"": ""esp32_dht11"", ""timestamp"": ""1121891"", ""readings"": {""temp_c"": -0.3, ""moisture"": 14.4, ""ph"": null, ""tds_ppm"": 0.0}}"
esp32_dht11,1127121,-0.3,14.4,,"{""device_id"": ""esp32_dht11"", ""timestamp"": ""1127121"", ""readings"": {""temp_c"": -0.3, ""moisture"": 14.4, ""ph"": null, ""tds_ppm"": 0.0}}"
esp32_dht11,1132330,-0.3,14.4,,"{""device_id"": ""esp32_dht11"", ""timestamp"": ""1132330"", ""readings"": {""temp_c"": -0.3, ""moisture"": 14.4, ""ph"": null, ""tds_ppm"": 0.0}}"
esp32_dht11,1137543,-0.3,14.4,,"{""device_id"": ""esp32_dht11"", ""timestamp"": ""1137543"", ""readings"": {""temp_c"": -0.3, ""moisture"": 14.4, ""ph"": null, ""tds_ppm"": 0.0}}"
esp32_dht11,1142754,-0.3,14.5,,"{""device_id"": ""esp32_dht11"", ""timestamp"": ""1142754"", ""readings"": {""temp_c"": -0.3, ""moisture"": 14.5, ""ph"": null, ""tds_ppm"": 0.0}}"
esp32_dht11,1148111,-0.4,14.4,,"{""device_id"": ""esp32_dht11"", ""timestamp"": ""1148111"", ""readings"": {""temp_c"": -0.4, ""moisture"": 14.4, ""ph"": null, ""tds_ppm"": 0.0}}"
esp32_dht11,1153325,-0.4,14.4,,"{""device_id"": ""esp32_dht11"", ""timestamp"": ""1153325"", ""readings"": {""temp_c"": -0.4, ""moisture"": 14.4, ""ph"": null, ""tds_ppm"": 0.0}}"
esp32_dht11,1158759,-0.4,14.4,,"{""device_id"": ""esp32_dht11"", ""timestamp"": ""1158759"", ""readings"": {""temp_c"": -0.4, ""moisture"": 14.4, ""ph"": null, ""tds_ppm"": 0.0}}"
esp32_dht11,1164083,-0.4,14.5,,"{""device_id"": ""esp32_dht11"", ""timestamp"": ""1164083"", ""readings"": {""temp_c"": -0.4, ""moisture"": 14.5, ""ph"": null, ""tds_ppm"": 0.0}}"
esp32_dht11,1169412,-0.4,14.4,,"{""device_id"": ""esp32_dht11"", ""timestamp"": ""1169412"", ""readings"": {""temp_c"": -0.4, ""moisture"": 14.4, ""ph"": null, ""tds_ppm"": 0.0}}"
esp32_dht11,1174724,-0.4,14.5,,"{""device_id"": ""esp32_dht11"", ""timestamp"": ""1174724"", ""readings"": {""temp_c"": -0.4, ""moisture"": 14.5, ""ph"": null, ""tds_ppm"": 0.0}}"
esp32_dht11,1179933,-0.4,14.5,,"{""device_id"": ""esp32_dht11"", ""timestamp"": ""1179933"", ""readings"": {""temp_c"": -0.4, ""moisture"": 14.5, ""ph"": null, ""tds_ppm"": 0.0}}"
esp32_dht11,1185145,-0.4,14.4,,"{""device_id"": ""esp32_dht11"", ""timestamp"": ""1185145"", ""readings"": {""temp_c"": -0.4, ""moisture"": 14.4, ""ph"": null, ""tds_ppm"": 0.0}}"
esp32_dht11,1190406,-0.4,14.5,,"{""device_id"": ""esp32_dht11"", ""timestamp"": ""1190406"", ""readings"": {""temp_c"": -0.4, ""moisture"": 14.5, ""ph"": null, ""tds_ppm"": 0.0}}"
esp32_dht11,1195718,-0.4,14.5,,"{""device_id"": ""esp32_dht11"", ""timestamp"": ""1195718"", ""readings"": {""temp_c"": -0.4, ""moisture"": 14.5, ""ph"": null, ""tds_ppm"": 0.0}}"
esp32_dht11,1201046,-0.4,14.5,,"{""device_id"": ""esp32_dht11"", ""timestamp"": ""1201046"", ""readings"": {""temp_c"": -0.4, ""moisture"": 14.5, ""ph"": null, ""tds_ppm"": 0.0}}"
esp32_dht11,1206373,-0.4,14.4,,"{""device_id"": ""esp32_dht11"", ""timestamp"": ""1206373"", ""readings"": {""temp_c"": -0.4, ""moisture"": 14.4, ""ph"": null, ""tds_ppm"": 0.0}}"
esp32_dht11,1211581,-0.4,14.5,,"{""device_id"": ""esp32_dht11"", ""timestamp"": ""1211581"", ""readings"": {""temp_c"": -0.4, ""moisture"": 14.5, ""ph"": null, ""tds_ppm"": 0.0}}"
esp32_dht11,1216812,-0.4,14.5,,"{""device_id"": ""esp32_dht11"", ""timestamp"": ""1216812"", ""readings"": {""temp_c"": -0.4, ""moisture"": 14.5, ""ph"": null, ""tds_ppm"": 0.0}}"
esp32_dht11,1222033,-0.4,14.5,,"{""device_id"": ""esp32_dht11"", ""timestamp"": ""1222033"", ""readings"": {""temp_c"": -0.4, ""moisture"": 14.5, ""ph"": null, ""tds_ppm"": 0.0}}"
esp32_dht11,1227262,-0.4,14.5,,"{""device_id"": ""esp32_dht11"", ""timestamp"": ""1227262"", ""readings"": {""temp_c"": -0.4, ""moisture"": 14.5, ""ph"": null, ""tds_ppm"": 0.0}}"
esp32_dht11,1232467,-0.4,14.5,,"{""device_id"": ""esp32_dht11"", ""timestamp"": ""1232467"", ""readings"": {""temp_c"": -0.4, ""moisture"": 14.5, ""ph"": null, ""tds_ppm"": 0.0}}"
esp32_dht11,1237674,-0.4,14.5,,"{""device_id"": ""esp32_dht11"", ""timestamp"": ""1237674"", ""readings"": {""temp_c"": -0.4, ""moisture"": 14.5, ""ph"": null, ""tds_ppm"": 0.0}}"
esp32_dht11,1242878,-0.4,14.4,,"{""device_id"": ""esp32_dht11"", ""timestamp"": ""1242878"", ""readings"": {""temp_c"": -0.4, ""moisture"": 14.4, ""ph"": null, ""tds_ppm"": 0.0}}"
esp32_dht11,1248085,-0.4,14.5,,"{""device_id"": ""esp32_dht11"", ""timestamp"": ""1248085"", ""readings"": {""temp_c"": -0.4, ""moisture"": 14.5, ""ph"": null, ""tds_ppm"": 0.0}}"
esp32_dht11,1253298,-0.4,14.5,,"{""device_id"": ""esp32_dht11"", ""timestamp"": ""1253298"", ""readings"": {""temp_c"": -0.4, ""moisture"": 14.5, ""ph"": null, ""tds_ppm"": 0.0}}"
esp32_dht11,1258593,-0.4,14.5,,"{""device_id"": ""esp32_dht11"", ""timestamp"": ""1258593"", ""readings"": {""temp_c"": -0.4, ""moisture"": 14.5, ""ph"": null, ""tds_ppm"": 0.0}}"
esp32_dht11,1263806,-0.5,14.5,,"{""device_id"": ""esp32_dht11"", ""timestamp"": ""1263806"", ""readings"": {""temp_c"": -0.5, ""moisture"": 14.5, ""ph"": null, ""tds_ppm"": 0.0}}"
esp32_dht11,1269013,-0.4,14.5,,"{""device_id"": ""esp32_dht11"", ""timestamp"": ""1269013"", ""readings"": {""temp_c"": -0.4, ""moisture"": 14.5, ""ph"": null, ""tds_ppm"": 0.0}}"
esp32_dht11,1274191,-0.5,14.5,,"{""device_id"": ""esp32_dht11"", ""timestamp"": ""1274191"", ""readings"": {""temp_c"": -0.5, ""moisture"": 14.5, ""ph"": null, ""tds_ppm"": 0.0}}"
esp32_dht11,1279411,-0.5,14.6,,"{""device_id"": ""esp32_dht11"", ""timestamp"": ""1279411"", ""readings"": {""temp_c"": -0.5, ""moisture"": 14.6, ""ph"": null, ""tds_ppm"": 0.0}}"
esp32_dht11,1284616,-0.5,14.5,,"{""device_id"": ""esp32_dht11"", ""timestamp"": ""1284616"", ""readings"": {""temp_c"": -0.5, ""moisture"": 14.5, ""ph"": null, ""tds_ppm"": 0.0}}"
esp32_dht11,1289822,-0.5,14.6,,"{""device_id"": ""esp32_dht11"", ""timestamp"": ""1289822"", ""readings"": {""temp_c"": -0.5, ""moisture"": 14.6, ""ph"": null, ""tds_ppm"": 0.0}}"
esp32_dht11,1295148,-0.5,14.6,,"{""device_id"": ""esp32_dht11"", ""timestamp"": ""1295148"", ""readings"": {""temp_c"": -0.5, ""moisture"": 14.6, ""ph"": null, ""tds_ppm"": 0.0}}"
esp32_dht11,1300358,-0.5,14.6,,"{""device_id"": ""esp32_dht11"", ""timestamp"": ""1300358"", ""readings"": {""temp_c"": -0.5, ""moisture"": 14.6, ""ph"": null, ""tds_ppm"": 0.0}}"
esp32_dht11,1305563,-0.5,14.6,,"{""device_id"": ""esp32_dht11"", ""timestamp"": ""1305563"", ""readings"": {""temp_c"": -0.5, ""moisture"": 14.6, ""ph"": null, ""tds_ppm"": 0.0}}"
esp32_dht11,1310830,-0.5,14.6,,"{""device_id"": ""esp32_dht11"", ""timestamp"": ""1310830"", ""readings"": {""temp_c"": -0.5, ""moisture"": 14.6, ""ph"": null, ""tds_ppm"": 0.0}}"
esp32_dht11,1316153,-0.5,14.7,,"{""device_id"": ""esp32_dht11"", ""timestamp"": ""1316153"", ""readings"": {""temp_c"": -0.5, ""moisture"": 14.7, ""ph"": null, ""tds_ppm"": 0.0}}"
esp32_dht11,1321362,-0.5,14.7,,"{""device_id"": ""esp32_dht11"", ""timestamp"": ""1321362"", ""readings"": {""temp_c"": -0.5, ""moisture"": 14.7, ""ph"": null, ""tds_ppm"": 0.0}}"
esp32_dht11,1326572,-0.5,14.6,,"{""device_id"": ""esp32_dht11"", ""timestamp"": ""1326572"", ""readings"": {""temp_c"": -0.5, ""moisture"": 14.6, ""ph"": null, ""tds_ppm"": 0.0}}"
esp32_dht11,1331780,-0.5,14.6,,"{""device_id"": ""esp32_dht11"", ""timestamp"": ""1331780"", ""readings"": {""temp_c"": -0.5, ""moisture"": 14.6, ""ph"": null, ""tds_ppm"": 0.0}}"
esp32_dht11,1337042,-0.5,14.6,,"{""device_id"": ""esp32_dht11"", ""timestamp"": ""1337042"", ""readings"": {""temp_c"": -0.5, ""moisture"": 14.6, ""ph"": null, ""tds_ppm"": 0.0}}"
esp32_dht11,1342367,-0.5,14.6,,"{""device_id"": ""esp32_dht11"", ""timestamp"": ""1342367"", ""readings"": {""temp_c"": -0.5, ""moisture"": 14.6, ""ph"": null, ""tds_ppm"": 0.0}}"
esp32_dht11,1347577,-0.5,14.7,,"{""device_id"": ""esp32_dht11"", ""timestamp"": ""1347577"", ""readings"": {""temp_c"": -0.5, ""moisture"": 14.7, ""ph"": null, ""tds_ppm"": 0.0}}"
esp32_dht11,1352807,-0.5,14.7,,"{""device_id"": ""esp32_dht11"", ""timestamp"": ""1352807"", ""readings"": {""temp_c"": -0.5, ""moisture"": 14.7, ""ph"": null, ""tds_ppm"": 0.0}}"
esp32_dht11,1358011,-0.5,14.8,,"{""device_id"": ""esp32_dht11"", ""timestamp"": ""1358011"", ""readings"": {""temp_c"": -0.5, ""moisture"": 14.8, ""ph"": null, ""tds_ppm"": 0.0}}"
esp32_dht11,1363245,-0.5,14.8,,"{""device_id"": ""esp32_dht11"", ""timestamp"": ""1363245"", ""readings"": {""temp_c"": -0.5, ""moisture"": 14.8, ""ph"": null, ""tds_ppm"": 0.0}}"
esp32_dht11,1368587,-0.6,14.8,,"{""device_id"": ""esp32_dht11"", ""timestamp"": ""1368587"", ""readings"": {""temp_c"": -0.6, ""moisture"": 14.8, ""ph"": null, ""tds_ppm"": 0.0}}"
esp32_dht11,1373898,-0.6,14.8,,"{""device_id"": ""esp32_dht11"", ""timestamp"": ""1373898"", ""readings"": {""temp_c"": -0.6, ""moisture"": 14.8, ""ph"": null, ""tds_ppm"": 0.0}}"
esp32_dht11,1379123,-0.6,14.8,,"{""device_id"": ""esp32_dht11"", ""timestamp"": ""1379123"", ""readings"": {""temp_c"": -0.6, ""moisture"": 14.8, ""ph"": null, ""tds_ppm"": 0.0}}"
esp32_dht11,1384560,-0.6,14.8,,"{""device_id"": ""esp32_dht11"", ""timestamp"": ""1384560"", ""readings"": {""temp_c"": -0.6, ""moisture"": 14.8, ""ph"": null, ""tds_ppm"": 0.0}}"
esp32_dht11,1389768,-0.6,14.8,,"{""device_id"": ""esp32_dht11"", ""timestamp"": ""1389768"", ""readings"": {""temp_c"": -0.6, ""moisture"": 14.8, ""ph"": null, ""tds_ppm"": 0.0}}"
esp32_dht11,1395205,-0.6,14.8,,"{""device_id"": ""esp32_dht11"", ""timestamp"": ""1395205"", ""readings"": {""temp_c"": -0.6, ""moisture"": 14.8, ""ph"": null, ""tds_ppm"": 0.0}}"
esp32_dht11,1400523,-0.6,14.8,,"{""device_id"": ""esp32_dht11"", ""timestamp"": ""1400523"", ""readings"": {""temp_c"": -0.6, ""moisture"": 14.8, ""ph"": null, ""tds_ppm"": 0.0}}"
esp32_dht11,1405849,-0.6,14.8,,"{""device_id"": ""esp32_dht11"", ""timestamp"": ""1405849"", ""readings"": {""temp_c"": -0.6, ""moisture"": 14.8, ""ph"": null, ""tds_ppm"": 0.0}}"
esp32_dht11,1411056,-0.6,14.8,,"{""device_id"": ""esp32_dht11"", ""timestamp"": ""1411056"", ""readings"": {""temp_c"": -0.6, ""moisture"": 14.8, ""ph"": null, ""tds_ppm"": 0.0}}"
esp32_dht11,1416292,-0.6,14.7,,"{""device_id"": ""esp32_dht11"", ""timestamp"": ""1416292"", ""readings"": {""temp_c"": -0.6, ""moisture"": 14.7, ""ph"": null, ""tds_ppm"": 0.0}}"
esp32_dht11,1421521,-0.6,14.8,,"{""device_id"": ""esp32_dht11"", ""timestamp"": ""1421521"", ""readings"": {""temp_c"": -0.6, ""moisture"": 14.8, ""ph"": null, ""tds_ppm"": 0.0}}"
esp32_dht11,1426740,-0.6,14.9,,"{""device_id"": ""esp32_dht11"", ""timestamp"": ""1426740"", ""readings"": {""temp_c"": -0.6, ""moisture"": 14.9, ""ph"": null, ""tds_ppm"": 0.0}}"
esp32_dht11,1432175,-0.6,14.9,,"{""device_id"": ""esp32_dht11"", ""timestamp"": ""1432175"", ""readings"": {""temp_c"": -0.6, ""moisture"": 14.9, ""ph"": null, ""tds_ppm"": 0.0}}"
esp32_dht11,1437388,-0.6,14.9,,"{""device_id"": ""esp32_dht11"", ""timestamp"": ""1437388"", ""readings"": {""temp_c"": -0.6, ""moisture"": 14.9, ""ph"": null, ""tds_ppm"": 0.0}}"
esp32_dht11,1442825,-0.6,14.9,,"{""device_id"": ""esp32_dht11"", ""timestamp"": ""1442825"", ""readings"": {""temp_c"": -0.6, ""moisture"": 14.9, ""ph"": null, ""tds_ppm"": 0.0}}"
esp32_dht11,1448032,-0.6,14.9,,"{""device_id"": ""esp32_dht11"", ""timestamp"": ""1448032"", ""readings"": {""temp_c"": -0.6, ""moisture"": 14.9, ""ph"": null, ""tds_ppm"": 0.0}}"
esp32_dht11,1453241,-0.6,14.9,,"{""device_id"": ""esp32_dht11"", ""timestamp"": ""1453241"", ""readings"": {""temp_c"": -0.6, ""moisture"": 14.9, ""ph"": null, ""tds_ppm"": 0.0}}"
esp32_dht11,1458456,-0.6,14.8,,"{""device_id"": ""esp32_dht11"", ""timestamp"": ""1458456"", ""readings"": {""temp_c"": -0.6, ""moisture"": 14.8, ""ph"": null, ""tds_ppm"": 0.0}}"
esp32_dht11,1463707,-0.6,14.9,,"{""device_id"": ""esp32_dht11"", ""timestamp"": ""1463707"", ""readings"": {""temp_c"": -0.6, ""moisture"": 14.9, ""ph"": null, ""tds_ppm"": 0.0}}"
esp32_dht11,1469032,-0.6,14.9,,"{""device_id"": ""esp32_dht11"", ""timestamp"": ""1469032"", ""readings"": {""temp_c"": -0.6, ""moisture"": 14.9, ""ph"": null, ""tds_ppm"": 0.0}}"
esp32_dht11,1474357,-0.6,14.9,,"{""device_id"": ""esp32_dht11"", ""timestamp"": ""1474357"", ""readings"": {""temp_c"": -0.6, ""moisture"": 14.9, ""ph"": null, ""tds_ppm"": 0.0}}"
esp32_dht11,1479568,-0.6,14.9,,"{""device_id"": ""esp32_dht11"", ""timestamp"": ""1479568"", ""readings"": {""temp_c"": -0.6, ""moisture"": 14.9, ""ph"": null, ""tds_ppm"": 0.0}}"
esp32_dht11,1484800,-0.6,14.9,,"{""device_id"": ""esp32_dht11"", ""timestamp"": ""1484800"", ""readings"": {""temp_c"": -0.6, ""moisture"": 14.9, ""ph"": null, ""tds_ppm"": 0.0}}"
esp32_dht11,1490128,-0.6,15.0,,"{""device_id"": ""esp32_dht11"", ""timestamp"": ""1490128"", ""readings"": {""temp_c"": -0.6, ""moisture"": 15.0, ""ph"": null, ""tds_ppm"": 12898.5}}"
esp32_dht11,1495346,-0.6,15.1,,"{""device_id"": ""esp32_dht11"", ""timestamp"": ""1495346"", ""readings"": {""temp_c"": -0.6, ""moisture"": 15.1, ""ph"": null, ""tds_ppm"": 700084.1}}"
esp32_dht11,1500785,-0.6,15.2,,"{""device_id"": ""esp32_dht11"", ""timestamp"": ""1500785"", ""readings"": {""temp_c"": -0.6, ""moisture"": 15.2, ""ph"": null, ""tds_ppm"": 0.0}}"
esp32_dht11,1505994,-0.6,15.4,,"{""device_id"": ""esp32_dht11"", ""timestamp"": ""1505994"", ""readings"": {""temp_c"": -0.6, ""moisture"": 15.4, ""ph"": null, ""tds_ppm"": 0.0}}"
esp32_dht11,1511428,-0.6,15.4,,"{""device_id"": ""esp32_dht11"", ""timestamp"": ""1511428"", ""readings"": {""temp_c"": -0.6, ""moisture"": 15.4, ""ph"": null, ""tds_ppm"": 0.0}}"
esp32_dht11,1516656,-0.6,15.2,,"{""device_id"": ""esp32_dht11"", ""timestamp"": ""1516656"", ""readings"": {""temp_c"": -0.6, ""moisture"": 15.2, ""ph"": null, ""tds_ppm"": 0.0}}"
esp32_dht11,1521881,-0.5,15.2,,"{""device_id"": ""esp32_dht11"", ""timestamp"": ""1521881"", ""readings"": {""temp_c"": -0.5, ""moisture"": 15.2, ""ph"": null, ""tds_ppm"": 0.0}}"
esp32_dht11,1527089,-0.5,15.2,,"{""device_id"": ""esp32_dht11"", ""timestamp"": ""1527089"", ""readings"": {""temp_c"": -0.5, ""moisture"": 15.2, ""ph"": null, ""tds_ppm"": 0.0}}"
esp32_dht11,1532298,-0.5,15.2,,"{""device_id"": ""esp32_dht11"", ""timestamp"": ""1532298"", ""readings"": {""temp_c"": -0.5, ""moisture"": 15.2, ""ph"": null, ""tds_ppm"": 0.0}}"
esp32_dht11,1537645,-0.5,15.1,,"{""device_id"": ""esp32_dht11"", ""timestamp"": ""1537645"", ""readings"": {""temp_c"": -0.5, ""moisture"": 15.1, ""ph"": null, ""tds_ppm"": 0.0}}"
esp32_dht11,1542972,-0.5,14.9,,"{""device_id"": ""esp32_dht11"", ""timestamp"": ""1542972"", ""readings"": {""temp_c"": -0.5, ""moisture"": 14.9, ""ph"": null, ""tds_ppm"": 0.0}}"
esp32_dht11,1548300,-0.5,14.9,,"{""device_id"": ""esp32_dht11"", ""timestamp"": ""1548300"", ""readings"": {""temp_c"": -0.5, ""moisture"": 14.9, ""ph"": null, ""tds_ppm"": 0.0}}"
esp32_dht11,1553511,-0.5,14.7,,"{""device_id"": ""esp32_dht11"", ""timestamp"": ""1553511"", ""readings"": {""temp_c"": -0.5, ""moisture"": 14.7, ""ph"": null, ""tds_ppm"": 0.0}}"
esp32_dht11,1558945,-0.5,14.7,,"{""device_id"": ""esp32_dht11"", ""timestamp"": ""1558945"", ""readings"": {""temp_c"": -0.5, ""moisture"": 14.7, ""ph"": null, ""tds_ppm"": 0.0}}"
esp32_dht11,1564148,-0.5,14.5,,"{""device_id"": ""esp32_dht11"", ""timestamp"": ""1564148"", ""readings"": {""temp_c"": -0.5, ""moisture"": 14.5, ""ph"": null, ""tds_ppm"": 0.0}}"
esp32_dht11,1569382,-0.4,14.4,,"{""device_id"": ""esp32_dht11"", ""timestamp"": ""1569382"", ""readings"": {""temp_c"": -0.4, ""moisture"": 14.4, ""ph"": null, ""tds_ppm"": 0.0}}"
esp32_dht11,1574721,-0.4,14.3,,"{""device_id"": ""esp32_dht11"", ""timestamp"": ""1574721"", ""readings"": {""temp_c"": -0.4, ""moisture"": 14.3, ""ph"": null, ""tds_ppm"": 0.0}}"
esp32_dht11,1579931,-0.4,14.2,,"{""device_id"": ""esp32_dht11"", ""timestamp"": ""1579931"", ""readings"": {""temp_c"": -0.4, ""moisture"": 14.2, ""ph"": null, ""tds_ppm"": 0.0}}"
esp32_dht11,1585142,-0.4,14.2,,"{""device_id"": ""esp32_dht11"", ""timestamp"": ""1585142"", ""readings"": {""temp_c"": -0.4, ""moisture"": 14.2, ""ph"": null, ""tds_ppm"": 0.0}}"
esp32_dht11,1590349,-0.4,14.1,,"{""device_id"": ""esp32_dht11"", ""timestamp"": ""1590349"", ""readings"": {""temp_c"": -0.4, ""moisture"": 14.1, ""ph"": null, ""tds_ppm"": 0.0}}"
esp32_dht11,1595554,-0.4,14.1,,"{""device_id"": ""esp32_dht11"", ""timestamp"": ""1595554"", ""readings"": {""temp_c"": -0.4, ""moisture"": 14.1, ""ph"": null, ""tds_ppm"": 0.0}}"
esp32_dht11,1600761,-0.4,14.0,,"{""device_id"": ""esp32_dht11"", ""timestamp"": ""1600761"", ""readings"": {""temp_c"": -0.4, ""moisture"": 14.0, ""ph"": null, ""tds_ppm"": 0.0}}"
esp32_dht11,1605968,-0.4,14.1,,"{""device_id"": ""esp32_dht11"", ""timestamp"": ""1605968"", ""readings"": {""temp_c"": -0.4, ""moisture"": 14.1, ""ph"": null, ""tds_ppm"": 0.0}}"
esp32_dht11,1611177,-0.4,14.0,,"{""device_id"": ""esp32_dht11"", ""timestamp"": ""1611177"", ""readings"": {""temp_c"": -0.4, ""moisture"": 14.0, ""ph"": null, ""tds_ppm"": 0.0}}"
esp32_dht11,1616386,-0.4,14.0,,"{""device_id"": ""esp32_dht11"", ""timestamp"": ""1616386"", ""readings"": {""temp_c"": -0.4, ""moisture"": 14.0, ""ph"": null, ""tds_ppm"": 0.0}}"
esp32_dht11,1621600,-0.4,13.9,,"{""device_id"": ""esp32_dht11"", ""timestamp"": ""1621600"", ""readings"": {""temp_c"": -0.4, ""moisture"": 13.9, ""ph"": null, ""tds_ppm"": 0.0}}"
esp32_dht11,1626810,-0.4,13.9,,"{""device_id"": ""esp32_dht11"", ""timestamp"": ""1626810"", ""readings"": {""temp_c"": -0.4, ""moisture"": 13.9, ""ph"": null, ""tds_ppm"": 0.0}}"
esp32_dht11,1632019,-0.4,13.9,,"{""device_id"": ""esp32_dht11"", ""timestamp"": ""1632019"", ""readings"": {""temp_c"": -0.4, ""moisture"": 13.9, ""ph"": null, ""tds_ppm"": 0.0}}"
esp32_dht11,1637286,-0.4,13.7,,"{""device_id"": ""esp32_dht11"", ""timestamp"": ""1637286"", ""readings"": {""temp_c"": -0.4, ""moisture"": 13.7, ""ph"": null, ""tds_ppm"": 0.0}}"
esp32_dht11,1642613,-0.4,13.7,,"{""device_id"": ""esp32_dht11"", ""timestamp"": ""1642613"", ""readings"": {""temp_c"": -0.4, ""moisture"": 13.7, ""ph"": null, ""tds_ppm"": 0.0}}"
esp32_dht11,1647926,-0.4,13.7,,"{""device_id"": ""esp32_dht11"", ""timestamp"": ""1647926"", ""readings"": {""temp_c"": -0.4, ""moisture"": 13.7, ""ph"": null, ""tds_ppm"": 0.0}}"
esp32_dht11,1653147,-0.4,13.7,,"{""device_id"": ""esp32_dht11"", ""timestamp"": ""1653147"", ""readings"": {""temp_c"": -0.4, ""moisture"": 13.7, ""ph"": null, ""tds_ppm"": 0.0}}"
esp32_dht11,1658358,-0.4,13.6,,"{""device_id"": ""esp32_dht11"", ""timestamp"": ""1658358"", ""readings"": {""temp_c"": -0.4, ""moisture"": 13.6, ""ph"": null, ""tds_ppm"": 0.0}}"
esp32_dht11,1663561,-0.4,13.6,,"{""device_id"": ""esp32_dht11"", ""timestamp"": ""1663561"", ""readings"": {""temp_c"": -0.4, ""moisture"": 13.6, ""ph"": null, ""tds_ppm"": 0.0}}"
esp32_dht11,1668770,-0.4,13.5,,"{""device_id"": ""esp32_dht11"", ""timestamp"": ""1668770"", ""readings"": {""temp_c"": -0.4, ""moisture"": 13.5, ""ph"": null, ""tds_ppm"": 0.0}}"
esp32_dht11,1673973,-0.4,13.6,,"{""device_id"": ""esp32_dht11"", ""timestamp"": ""1673973"", ""readings"": {""temp_c"": -0.4, ""moisture"": 13.6, ""ph"": null, ""tds_ppm"": 0.0}}"
esp32_dht11,1679177,-0.5,13.5,,"{""device_id"": ""esp32_dht11"", ""timestamp"": ""1679177"", ""readings"": {""temp_c"": -0.5, ""moisture"": 13.5, ""ph"": null, ""tds_ppm"": 0.0}}"
esp32_dht11,1684380,-0.5,13.5,,"{""device_id"": ""esp32_dht11"", ""timestamp"": ""1684380"", ""readings"": {""temp_c"": -0.5, ""moisture"": 13.5, ""ph"": null, ""tds_ppm"": 0.0}}"
esp32_dht11,1689593,-0.4,13.6,,"{""device_id"": ""esp32_dht11"", ""timestamp"": ""1689593"", ""readings"": {""temp_c"": -0.4, ""moisture"": 13.6, ""ph"": null, ""tds_ppm"": 0.0}}"
esp32_dht11,1694804,-0.5,13.6,,"{""device_id"": ""esp32_dht11"", ""timestamp"": ""1694804"", ""readings"": {""temp_c"": -0.5, ""moisture"": 13.6, ""ph"": null, ""tds_ppm"": 0.0}}"
esp32_dht11,1700020,-0.5,13.5,,"{""device_id"": ""esp32_dht11"", ""timestamp"": ""1700020"", ""readings"": {""temp_c"": -0.5, ""moisture"": 13.5, ""ph"": null, ""tds_ppm"": 0.0}}"
esp32_dht11,1705283,-0.5,13.5,,"{""device_id"": ""esp32_dht11"", ""timestamp"": ""1705283"", ""readings"": {""temp_c"": -0.5, ""moisture"": 13.5, ""ph"": null, ""tds_ppm"": 0.0}}"
esp32_dht11,1710612,-0.5,13.5,,"{""device_id"": ""esp32_dht11"", ""timestamp"": ""1710612"", ""readings"": {""temp_c"": -0.5, ""moisture"": 13.5, ""ph"": null, ""tds_ppm"": 0.0}}"
esp32_dht11,1715818,-0.5,13.4,,"{""device_id"": ""esp32_dht11"", ""timestamp"": ""1715818"", ""readings"": {""temp_c"": -0.5, ""moisture"": 13.4, ""ph"": null, ""tds_ppm"": 0.0}}"
esp32_dht11,1721025,-0.5,13.2,,"{""device_id"": ""esp32_dht11"", ""timestamp"": ""1721025"", ""readings"": {""temp_c"": -0.5, ""moisture"": 13.2, ""ph"": null, ""tds_ppm"": 0.0}}"
esp32_dht11,1726229,-0.5,13.2,,"{""device_id"": ""esp32_dht11"", ""timestamp"": ""1726229"", ""readings"": {""temp_c"": -0.5, ""moisture"": 13.2, ""ph"": null, ""tds_ppm"": 0.0}}"
esp32_dht11,1731493,-0.5,13.1,,"{""device_id"": ""esp32_dht11"", ""timestamp"": ""1731493"", ""readings"": {""temp_c"": -0.5, ""moisture"": 13.1, ""ph"": null, ""tds_ppm"": 0.0}}"
esp32_dht11,1736714,-0.5,13.0,,"{""device_id"": ""esp32_dht11"", ""timestamp"": ""1736714"", ""readings"": {""temp_c"": -0.5, ""moisture"": 13.0, ""ph"": null, ""tds_ppm"": 0.0}}"
esp32_dht11,1741937,-0.6,13.0,,"{""device_id"": ""esp32_dht11"", ""timestamp"": ""1741937"", ""readings"": {""temp_c"": -0.6, ""moisture"": 13.0, ""ph"": null, ""tds_ppm"": 0.0}}"
esp32_dht11,1747263,-0.5,12.9,,"{""device_id"": ""esp32_dht11"", ""timestamp"": ""1747263"", ""readings"": {""temp_c"": -0.5, ""moisture"": 12.9, ""ph"": null, ""tds_ppm"": 0.0}}"
esp32_dht11,1752587,-0.6,12.9,,"{""device_id"": ""esp32_dht11"", ""timestamp"": ""1752587"", ""readings"": {""temp_c"": -0.6, ""moisture"": 12.9, ""ph"": null, ""tds_ppm"": 0.0}}"
esp32_dht11,1757916,-0.6,12.8,,"{""device_id"": ""esp32_dht11"", ""timestamp"": ""1757916"", ""readings"": {""temp_c"": -0.6, ""moisture"": 12.8, ""ph"": null, ""tds_ppm"": 0.0}}"
esp32_dht11,1763243,-0.6,12.7,,"{""device_id"": ""esp32_dht11"", ""timestamp"": ""1763243"", ""readings"": {""temp_c"": -0.6, ""moisture"": 12.7, ""ph"": null, ""tds_ppm"": 0.0}}"
esp32_dht11,1768451,-0.6,12.7,,"{""device_id"": ""esp32_dht11"", ""timestamp"": ""1768451"", ""readings"": {""temp_c"": -0.6, ""moisture"": 12.7, ""ph"": null, ""tds_ppm"": 0.0}}"
esp32_dht11,1773667,-0.6,12.6,,"{""device_id"": ""esp32_dht11"", ""timestamp"": ""1773667"", ""readings"": {""temp_c"": -0.6, ""moisture"": 12.6, ""ph"": null, ""tds_ppm"": 0.0}}"
esp32_dht11,1778878,-0.6,12.7,,"{""device_id"": ""esp32_dht11"", ""timestamp"": ""1778878"", ""readings"": {""temp_c"": -0.6, ""moisture"": 12.7, ""ph"": null, ""tds_ppm"": 0.0}}"
esp32_dht11,1784091,-0.6,12.7,,"{""device_id"": ""esp32_dht11"", ""timestamp"": ""1784091"", ""readings"": {""temp_c"": -0.6, ""moisture"": 12.7, ""ph"": null, ""tds_ppm"": 0.0}}"
esp32_dht11,1789316,-0.6,12.7,,"{""device_id"": ""esp32_dht11"", ""timestamp"": ""1789316"", ""readings"": {""temp_c"": -0.6, ""moisture"": 12.7, ""ph"": null, ""tds_ppm"": 0.0}}"
esp32_dht11,1794536,-0.6,12.7,,"{""device_id"": ""esp32_dht11"", ""timestamp"": ""1794536"", ""readings"": {""temp_c"": -0.6, ""moisture"": 12.7, ""ph"": null, ""tds_ppm"": 0.0}}"
esp32_dht11,1799750,-0.6,12.7,,"{""device_id"": ""esp32_dht11"", ""timestamp"": ""1799750"", ""readings"": {""temp_c"": -0.6, ""moisture"": 12.7, ""ph"": null, ""tds_ppm"": 0.0}}"
esp32_dht11,1804957,-0.6,12.8,,"{""device_id"": ""esp32_dht11"", ""timestamp"": ""1804957"", ""readings"": {""temp_c"": -0.6, ""moisture"": 12.8, ""ph"": null, ""tds_ppm"": 0.0}}"
esp32_dht11,3229,-0.6,12.8,,"{""device_id"": ""esp32_dht11"", ""timestamp"": ""3229"", ""readings"": {""temp_c"": -0.6, ""moisture"": 12.8, ""ph"": null, ""tds_ppm"": 0.0}}"
esp32_dht11,8411,-0.6,14.5,,"{""device_id"": ""esp32_dht11"", ""timestamp"": ""8411"", ""readings"": {""temp_c"": -0.6, ""moisture"": 14.5, ""ph"": null, ""tds_ppm"": 0.0}}"
esp32_dht11,13630,-0.6,14.6,,"{""device_id"": ""esp32_dht11"", ""timestamp"": ""13630"", ""readings"": {""temp_c"": -0.6, ""moisture"": 14.6, ""ph"": null, ""tds_ppm"": 0.0}}"
esp32_dht11,18847,-0.7,14.3,,"{""device_id"": ""esp32_dht11"", ""timestamp"": ""18847"", ""readings"": {""temp_c"": -0.7, ""moisture"": 14.3, ""ph"": null, ""tds_ppm"": 0.0}}"
esp32_dht11,24141,-0.6,13.9,,"{""device_id"": ""esp32_dht11"", ""timestamp"": ""24141"", ""readings"": {""temp_c"": -0.6, ""moisture"": 13.9, ""ph"": null, ""tds_ppm"": 0.0}}"
esp32_dht11,29471,-0.6,13.6,,"{""device_id"": ""esp32_dht11"", ""timestamp"": ""29471"", ""readings"": {""temp_c"": -0.6, ""moisture"": 13.6, ""ph"": null, ""tds_ppm"": 0.0}}"
esp32_dht11,34795,-0.6,13.3,,"{""device_id"": ""esp32_dht11"", ""timestamp"": ""34795"", ""readings"": {""temp_c"": -0.6, ""moisture"": 13.3, ""ph"": null, ""tds_ppm"": 0.0}}"
esp32_dht11,40020,-0.6,13.1,,"{""device_id"": ""esp32_dht11"", ""timestamp"": ""40020"", ""readings"": {""temp_c"": -0.6, ""moisture"": 13.1, ""ph"": null, ""tds_ppm"": 0.0}}"
esp32_dht11,45233,-0.7,12.9,,"{""device_id"": ""esp32_dht11"", ""timestamp"": ""45233"", ""readings"": {""temp_c"": -0.7, ""moisture"": 12.9, ""ph"": null, ""tds_ppm"": 0.0}}"
esp32_dht11,50562,-0.7,12.7,,"{""device_id"": ""esp32_dht11"", ""timestamp"": ""50562"", ""readings"": {""temp_c"": -0.7, ""moisture"": 12.7, ""ph"": null, ""tds_ppm"": 0.0}}"
esp32_dht11,55887,-0.7,12.6,,"{""device_id"": ""esp32_dht11"", ""timestamp"": ""55887"", ""readings"": {""temp_c"": -0.7, ""moisture"": 12.6, ""ph"": null, ""tds_ppm"": 0.0}}"
esp32_dht11,61230,-0.7,12.6,,"{""device_id"": ""esp32_dht11"", ""timestamp"": ""61230"", ""readings"": {""temp_c"": -0.7, ""moisture"": 12.6, ""ph"": null, ""tds_ppm"": 0.0}}"
esp32_dht11,66544,-0.7,12.6,,"{""device_id"": ""esp32_dht11"", ""timestamp"": ""66544"", ""readings"": {""temp_c"": -0.7, ""moisture"": 12.6, ""ph"": null, ""tds_ppm"": 0.0}}"
esp32_dht11,71751,-0.7,12.5,,"{""device_id"": ""esp32_dht11"", ""timestamp"": ""71751"", ""readings"": {""temp_c"": -0.7, ""moisture"": 12.5, ""ph"": null, ""tds_ppm"": 0.0}}"
esp32_dht11,76955,-0.7,12.5,,"{""device_id"": ""esp32_dht11"", ""timestamp"": ""76955"", ""readings"": {""temp_c"": -0.7, ""moisture"": 12.5, ""ph"": null, ""tds_ppm"": 0.0}}"
esp32_dht11,82316,-0.7,12.6,,"{""device_id"": ""esp32_dht11"", ""timestamp"": ""82316"", ""readings"": {""temp_c"": -0.7, ""moisture"": 12.6, ""ph"": null, ""tds_ppm"": 0.0}}"
esp32_dht11,87525,-0.7,12.8,,"{""device_id"": ""esp32_dht11"", ""timestamp"": ""87525"", ""readings"": {""temp_c"": -0.7, ""moisture"": 12.8, ""ph"": null, ""tds_ppm"": 0.0}}"
esp32_dht11,92737,-0.7,12.9,,"{""device_id"": ""esp32_dht11"", ""timestamp"": ""92737"", ""readings"": {""temp_c"": -0.7, ""moisture"": 12.9, ""ph"": null, ""tds_ppm"": 0.0}}"
esp32_dht11,98081,-0.7,13.0,,"{""device_id"": ""esp32_dht11"", ""timestamp"": ""98081"", ""readings"": {""temp_c"": -0.7, ""moisture"": 13.0, ""ph"": null, ""tds_ppm"": 0.0}}"
esp32_dht11,103303,-0.7,12.9,,"{""device_id"": ""esp32_dht11"", ""timestamp"": ""103303"", ""readings"": {""temp_c"": -0.7, ""moisture"": 12.9, ""ph"": null, ""tds_ppm"": 0.0}}"
esp32_dht11,108722,-0.7,12.8,,"{""device_id"": ""esp32_dht11"", ""timestamp"": ""108722"", ""readings"": {""temp_c"": -0.7, ""moisture"": 12.8, ""ph"": null, ""tds_ppm"": 0.0}}"
esp32_dht11,114048,-0.7,12.8,,"{""device_id"": ""esp32_dht11"", ""timestamp"": ""114048"", ""readings"": {""temp_c"": -0.7, ""moisture"": 12.8, ""ph"": null, ""tds_ppm"": 0.0}}"
esp32_dht11,119377,-0.7,12.8,,"{""device_id"": ""esp32_dht11"", ""timestamp"": ""119377"", ""readings"": {""temp_c"": -0.7, ""moisture"": 12.8, ""ph"": null, ""tds_ppm"": 0.0}}"
esp32_dht11,124703,-0.7,12.8,,"{""device_id"": ""esp32_dht11"", ""timestamp"": ""124703"", ""readings"": {""temp_c"": -0.7, ""moisture"": 12.8, ""ph"": null, ""tds_ppm"": 0.0}}"
esp32_dht11,130034,-0.7,12.7,,"{""device_id"": ""esp32_dht11"", ""timestamp"": ""130034"", ""readings"": {""temp_c"": -0.7, ""moisture"": 12.7, ""ph"": null, ""tds_ppm"": 0.0}}"
esp32_dht11,135358,-0.7,12.6,,"{""device_id"": ""esp32_dht11"", ""timestamp"": ""135358"", ""readings"": {""temp_c"": -0.7, ""moisture"": 12.6, ""ph"": null, ""tds_ppm"": 0.0}}"
esp32_dht11,140670,-0.8,12.5,,"{""device_id"": ""esp32_dht11"", ""timestamp"": ""140670"", ""readings"": {""temp_c"": -0.8, ""moisture"": 12.5, ""ph"": null, ""tds_ppm"": 0.0}}"
esp32_dht11,145902,-0.7,12.5,,"{""device_id"": ""esp32_dht11"", ""timestamp"": ""145902"", ""readings"": {""temp_c"": -0.7, ""moisture"": 12.5, ""ph"": null, ""tds_ppm"": 0.0}}"
esp32_dht11,151329,-0.8,12.5,,"{""device_id"": ""esp32_dht11"", ""timestamp"": ""151329"", ""readings"": {""temp_c"": -0.8, ""moisture"": 12.5, ""ph"": null, ""tds_ppm"": 0.0}}"
esp32_dht11,156537,-0.7,12.7,,"{""device_id"": ""esp32_dht11"", ""timestamp"": ""156537"", ""readings"": {""temp_c"": -0.7, ""moisture"": 12.7, ""ph"": null, ""tds_ppm"": 0.0}}"
esp32_dht11,161747,-0.8,12.7,,"{""device_id"": ""esp32_dht11"", ""timestamp"": ""161747"", ""readings"": {""temp_c"": -0.8, ""moisture"": 12.7, ""ph"": null, ""tds_ppm"": 0.0}}"
esp32_dht11,167091,-0.8,12.7,,"{""device_id"": ""esp32_dht11"", ""timestamp"": ""167091"", ""readings"": {""temp_c"": -0.8, ""moisture"": 12.7, ""ph"": null, ""tds_ppm"": 572.6}}"
esp32_dht11,172305,-0.8,12.7,,"{""device_id"": ""esp32_dht11"", ""timestamp"": ""172305"", ""readings"": {""temp_c"": -0.8, ""moisture"": 12.7, ""ph"": null, ""tds_ppm"": 814.5}}"
esp32_dht11,177542,-0.8,12.8,,"{""device_id"": ""esp32_dht11"", ""timestamp"": ""177542"", ""readings"": {""temp_c"": -0.8, ""moisture"": 12.8, ""ph"": null, ""tds_ppm"": 0.0}}"
esp32_dht11,182869,-0.8,12.7,,"{""device_id"": ""esp32_dht11"", ""timestamp"": ""182869"", ""readings"": {""temp_c"": -0.8, ""moisture"": 12.7, ""ph"": null, ""tds_ppm"": 1802.6}}"
esp32_dht11,188196,-0.8,12.7,,"{""device_id"": ""esp32_dht11"", ""timestamp"": ""188196"", ""readings"": {""temp_c"": -0.8, ""moisture"": 12.7, ""ph"": null, ""tds_ppm"": 0.0}}"
esp32_dht11,193523,-0.8,12.7,,"{""device_id"": ""esp32_dht11"", ""timestamp"": ""193523"", ""readings"": {""temp_c"": -0.8, ""moisture"": 12.7, ""ph"": null, ""tds_ppm"": 0.0}}"
esp32_dht11,198840,-0.8,12.6,,"{""device_id"": ""esp32_dht11"", ""timestamp"": ""198840"", ""readings"": {""temp_c"": -0.8, ""moisture"": 12.6, ""ph"": null, ""tds_ppm"": 0.0}}"
esp32_dht11,204055,-0.8,12.6,,"{""device_id"": ""esp32_dht11"", ""timestamp"": ""204055"", ""readings"": {""temp_c"": -0.8, ""moisture"": 12.6, ""ph"": null, ""tds_ppm"": 0.0}}"
esp32_dht11,209259,-0.8,12.6,,"{""device_id"": ""esp32_dht11"", ""timestamp"": ""209259"", ""readings"": {""temp_c"": -0.8, ""moisture"": 12.6, ""ph"": null, ""tds_ppm"": 0.0}}"
esp32_dht11,214464,-0.8,12.5,,"{""device_id"": ""esp32_dht11"", ""timestamp"": ""214464"", ""readings"": {""temp_c"": -0.8, ""moisture"": 12.5, ""ph"": null, ""tds_ppm"": 0.0}}"
esp32_dht11,219687,-0.8,12.3,,"{""device_id"": ""esp32_dht11"", ""timestamp"": ""219687"", ""readings"": {""temp_c"": -0.8, ""moisture"": 12.3, ""ph"": null, ""tds_ppm"": 0.0}}"
esp32_dht11,224899,-0.8,12.3,,"{""device_id"": ""esp32_dht11"", ""timestamp"": ""224899"", ""readings"": {""temp_c"": -0.8, ""moisture"": 12.3, ""ph"": null, ""tds_ppm"": 0.0}}"
esp32_dht11,230115,-0.8,12.3,,"{""device_id"": ""esp32_dht11"", ""timestamp"": ""230115"", ""readings"": {""temp_c"": -0.8, ""moisture"": 12.3, ""ph"": null, ""tds_ppm"": 0.0}}"
esp32_dht11,235323,-0.8,12.3,,"{""device_id"": ""esp32_dht11"", ""timestamp"": ""235323"", ""readings"": {""temp_c"": -0.8, ""moisture"": 12.3, ""ph"": null, ""tds_ppm"": 0.0}}"
esp32_dht11,240549,-0.8,12.3,,"{""device_id"": ""esp32_dht11"", ""timestamp"": ""240549"", ""readings"": {""temp_c"": -0.8, ""moisture"": 12.3, ""ph"": null, ""tds_ppm"": 0.0}}"
esp32_dht11,245757,-0.8,12.2,,"{""device_id"": ""esp32_dht11"", ""timestamp"": ""245757"", ""readings"": {""temp_c"": -0.8, ""moisture"": 12.2, ""ph"": null, ""tds_ppm"": 0.0}}"
esp32_dht11,250961,-0.8,12.2,,"{""device_id"": ""esp32_dht11"", ""timestamp"": ""250961"", ""readings"": {""temp_c"": -0.8, ""moisture"": 12.2, ""ph"": null, ""tds_ppm"": 0.0}}"
esp32_dht11,256287,-0.9,12.1,,"{""device_id"": ""esp32_dht11"", ""timestamp"": ""256287"", ""readings"": {""temp_c"": -0.9, ""moisture"": 12.1, ""ph"": null, ""tds_ppm"": 0.0}}"
esp32_dht11,261613,-0.9,12.2,,"{""device_id"": ""esp32_dht11"", ""timestamp"": ""261613"", ""readings"": {""temp_c"": -0.9, ""moisture"": 12.2, ""ph"": null, ""tds_ppm"": 0.0}}"
esp32_dht11,266942,-0.9,12.2,,"{""device_id"": ""esp32_dht11"", ""timestamp"": ""266942"", ""readings"": {""temp_c"": -0.9, ""moisture"": 12.2, ""ph"": null, ""tds_ppm"": 0.0}}"
esp32_dht11,272265,-0.9,12.2,,"{""device_id"": ""esp32_dht11"", ""timestamp"": ""272265"", ""readings"": {""temp_c"": -0.9, ""moisture"": 12.2, ""ph"": null, ""tds_ppm"": 0.0}}"
esp32_dht11,277472,-0.9,12.2,,"{""device_id"": ""esp32_dht11"", ""timestamp"": ""277472"", ""readings"": {""temp_c"": -0.9, ""moisture"": 12.2, ""ph"": null, ""tds_ppm"": 0.0}}"
esp32_dht11,282913,-0.9,12.2,,"{""device_id"": ""esp32_dht11"", ""timestamp"": ""282913"", ""readings"": {""temp_c"": -0.9, ""moisture"": 12.2, ""ph"": null, ""tds_ppm"": 0.0}}"
esp32_dht11,288241,-0.9,12.7,,"{""device_id"": ""esp32_dht11"", ""timestamp"": ""288241"", ""readings"": {""temp_c"": -0.9, ""moisture"": 12.7, ""ph"": null, ""tds_ppm"": 0.0}}"
esp32_dht11,293558,-0.9,13.4,,"{""device_id"": ""esp32_dht11"", ""timestamp"": ""293558"", ""readings"": {""temp_c"": -0.9, ""moisture"": 13.4, ""ph"": null, ""tds_ppm"": 0.0}}"
esp32_dht11,298768,-0.9,13.7,,"{""device_id"": ""esp32_dht11"", ""timestamp"": ""298768"", ""readings"": {""temp_c"": -0.9, ""moisture"": 13.7, ""ph"": null, ""tds_ppm"": 0.0}}"
